,District Name,nces_id,Dissimilarity,State,Size
583,Detroit Public Schools Community District,2601103,0.7640839336451681,MICHIGAN,14160
194,Pajaro Valley Unified,629490,0.6831258923014973,California,5574
1138,SPRING BRANCH ISD,4841100,0.6119664505490846,Texas,10353
424,City of Chicago SD 299,1709930,0.5797458950193791,ILLINOIS,104144
662,MADISON CO SCHOOL DIST,2802790,0.5546519721577727,Mississippi,3598
1009,UPLIFT EDUCATION,4800030,0.5418608459942178,TEXAS,4610
374,DeKalb County,1301740,0.5401662571781953,Georgia,27297
701,OMAHA PUBLIC SCHOOLS,3174820,0.5306500927971611,Nebraska,14982
266,State Charter School Institute,800020,0.512492784695308,Colorado,4081
1014,KIPP TEXAS PUBLIC SCHOOLS,4800264,0.5113103371296828,TEXAS,5651
91,Anaheim Union High,602630,0.5108235941463289,California,20179
897,OKLAHOMA CITY,4022770,0.49252888578056025,Oklahoma,8017
314,District of Columbia Public Schools,1100030,0.48914680694248863,District of Columbia,12563
165,Los Angeles Unified,622710,0.487905353279702,California,125958
1273,Milwaukee School District,5509600,0.487128692736071,Wisconsin,17590
324,MIAMI-DADE,1200390,0.48698041890786453,FLORIDA,106745
397,Polk County,1304200,0.4793815723103343,Georgia,2369
729,Middlesex County Vocational and Technical School District,3410080,0.47551032065058296,New Jersey,2142
148,Hacienda la Puente Unified,616325,0.4735999960685028,California,5167
186,Newport-Mesa Unified,627240,0.47113860215636294,California,7615
1192,RICHMOND CITY PBLC SCHS,5103240,0.4710877596187183,Virginia,5741
212,Rowland Unified,633750,0.4703967688287004,California,3827
1025,AUSTIN ISD,4808940,0.46821475327188555,Texas,21349
350,PUTNAM,1201620,0.46569474785242426,Florida,4232
949,Charleston 01,4501440,0.4655653341222125,South Carolina,13583
869,Cleveland Municipal,3904378,0.46506422537045894,OHIO,10765
182,Mt. Diablo Unified,626370,0.46468255279769966,California,7780
985,Hamilton County,4701590,0.4593602526399604,Tennessee,14628
0,Marshall County,100006,0.4584077070120137,Alabama,2306
821,Chatham County Schools,3700750,0.4548226005339545,North Carolina,2548
561,Prince George's County Public Schools,2400510,0.4520476726821822,Maryland,37053
235,Santa Maria Joint Union High,635670,0.4505402107292886,California,9242
274,School District No. 1 in the county of Denver and State of C,803360,0.4492679650098497,COLORADO,28220
716,Camden County Technical School District,3402670,0.4420420497433333,New Jersey,2222
130,El Monte Union High,612120,0.4363839567366,California,8090
193,Oxnard Union High,629270,0.435866107068972,California,17361
141,Fullerton Joint Union High,614760,0.43448905398201176,California,13413
719,Edison Township School District,3404500,0.4340128982089577,New Jersey,4866
733,Newark Public School District,3411340,0.43394742007803655,New Jersey,9642
222,San Jose Unified,634590,0.42590507676828926,California,8620
1081,HOUSTON ISD,4823640,0.42566429208235546,Texas,51321
979,Shelby County,4700148,0.42499889362270354,Tennessee,30444
249,Tustin Unified,640150,0.4236006716647787,California,8164
551,Baltimore City Public Schools,2400090,0.42351542770505574,Maryland,23799
766,NEW YORK CITY GEOGRAPHIC DISTRICT #10,3600087,0.42262914804649176,New York,16268
933,Philadelphia City SD,4218990,0.4215051828665169,Pennsylvania,37047
155,Kern High,619540,0.42093199133951176,California,42521
139,Fremont Union High,614430,0.42032244681916375,California,10250
1013,IDEA PUBLIC SCHOOLS,4800211,0.41833109520489115,Texas,16467
189,Oakland Unified,628050,0.4167407705928066,California,10226
6,Blount County,100420,0.41547569006585405,Alabama,2612
113,Chino Valley Unified,608460,0.4146085855213993,California,9116
543,St. Mary Parish,2201620,0.4129626962408181,Louisiana,2230
420,Bremen CHSD 228,1707050,0.4116815640364864,Illinois,5198
111,Chaffey Joint Union High,608160,0.40964100274363024,California,23468
843,Nash County Public Schools,3703270,0.40867465326775587,NORTH CAROLINA,4608
859,Wayne County Public Schools,3704880,0.40587456450676646,North Carolina,5481
143,Garden Grove Unified,614880,0.4039338900403753,California,13431
422,CUSD 300,1708550,0.40267299609546137,Illinois,6569
1128,SAN ANTONIO ISD,4838730,0.4016386336049939,Texas,12702
156,South Monterey County Joint Union High,619650,0.39846727759305817,California,2748
356,VOLUSIA,1201920,0.3981990872531635,Florida,19434
46,Paradise Valley Unified District (4241),405930,0.3959714584714584,Arizona,9536
1069,FORT WORTH ISD,4819700,0.39364525296788183,Texas,23767
117,Colton Joint Unified,609390,0.39330092641180003,California,6366
283,Jefferson County School District No. R-1,804800,0.39311618672333815,Colorado,25057
21,Morgan County,102480,0.39110343776976586,Alabama,2377
87,ABC Unified,601620,0.38820177521538035,California,6740
759,NEW YORK CITY GEOGRAPHIC DISTRICT # 3,3600078,0.3881678177671248,New York,8464
191,Orange Unified,628650,0.3861413592885477,California,8273
51,Scottsdale Unified District (4240),407570,0.38364640826881014,Arizona,7854
1011,PREMIER HIGH SCHOOLS,4800207,0.38322660487285376,TEXAS,6801
868,Cincinnati Public Schools,3904375,0.3822512517921734,Ohio,11042
996,Davidson County,4703180,0.3820232696509259,Tennessee,25100
291,Adams 12 Five Star Schools,806900,0.381232940615974,Colorado,10626
1144,TYLER ISD,4843470,0.3804703228916504,TEXAS,5075
128,East Side Union High,611820,0.3799869761409741,California,21615
1096,LEWISVILLE ISD,4827300,0.37804680874922036,Texas,16618
762,NEW YORK CITY GEOGRAPHIC DISTRICT # 6,3600083,0.3744653723558388,New York,5186
1012,YES PREP PUBLIC SCHOOLS INC,4800209,0.3744225048772059,Texas,11598
704,STATE-SPONSORED CHARTER SCHOOLS,3200001,0.37427202626568323,Nevada,5743
532,Jefferson Parish,2200840,0.3725746517919771,Louisiana,13696
434,Twp HSD 113,1719080,0.3693112685576947,Illinois,3298
1184,LOUDOUN CO PBLC SCHS,5102250,0.36749122568476744,Virginia,18276
992,Marshall County,4702670,0.3672781236061279,Tennessee,2040
769,NEW YORK CITY GEOGRAPHIC DISTRICT #13,3600091,0.36704823333451464,New York,11499
1019,ALDINE ISD,4807710,0.3668240634914091,Texas,17767
850,Public Schools of Robeson County,3703930,0.36348231327638536,North Carolina,6294
857,Union County Public Schools,3704620,0.3623832365564251,North Carolina,14200
15,Jefferson County,101920,0.362381275754071,Alabama,12284
386,Hall County,1302610,0.3622816740340111,GEORGIA,8790
58,Yuma Union High School District (4507),409630,0.3621777341076333,Arizona,11068
209,West Contra Costa Unified,632550,0.35935258401384695,California,7775
530,East Baton Rouge Parish,2200540,0.3592958050253424,Louisiana,10369
138,Fremont Unified,614400,0.35896148004640094,California,10398
1145,UNITED ISD,4843650,0.35841963943229765,Texas,13170
706,ELKO COUNTY SCHOOL DISTRICT,3200120,0.3564851283444249,NEVADA,2845
749,ALBUQUERQUE PUBLIC SCHOOLS,3500060,0.3552314600325376,New Mexico,24800
1052,DALLAS ISD,4816230,0.3544043654967832,Texas,41816
758,NEW YORK CITY GEOGRAPHIC DISTRICT # 2,3600077,0.3541426065250046,New York,34231
62,FORT SMITH SCHOOL DISTRICT,506330,0.35301490909965993,Arkansas,4343
136,Folsom-Cordova Unified,613890,0.3517273248072167,California,6586
215,Salinas Union High,633980,0.3513608542176534,California,12095
437,Leyden CHSD 212,1722740,0.35110283654302255,Illinois,3506
1022,AMARILLO ISD,4808130,0.34979262452570914,Texas,8509
1124,SOUTH TEXAS ISD,4837150,0.3486077888779451,Texas,3102
385,Gwinnett County,1302550,0.3485543553558047,Georgia,59111
552,Baltimore County Public Schools,2400120,0.34723816468545177,Maryland,33964
705,CLARK COUNTY SCHOOL DISTRICT,3200060,0.34573909905616634,NEVADA,104524
1093,LAMAR CISD,4826580,0.3446555998625179,Texas,10699
664,RANKIN CO SCHOOL DIST,2803830,0.34421122250069625,Mississippi,6276
538,Rapides Parish,2201290,0.34332077188539867,Louisiana,6129
359,Atlanta Public Schools,1300120,0.34259539514185705,Georgia,13759
430,DuPage HSD 88,1713940,0.3425141765285996,Illinois,3948
379,Floyd County,1302190,0.34248708330384314,Georgia,3380
1153,YSLETA ISD,4846680,0.3414082557619012,Texas,13070
152,Huntington Beach Union High,618060,0.34114580653975757,California,15082
1262,RALEIGH COUNTY SCHOOLS,5401230,0.3405864047456968,West Virginia,3203
126,Desert Sands Unified,611110,0.3403615924618855,California,9086
429,SD U-46,1713710,0.3389410412428422,Illinois,12200
594,Grand Rapids Public Schools,2616440,0.33847934705616123,Michigan,4730
915,Salem-Keizer SD 24J,4110820,0.3377869367975064,Oregon,12858
567,Boston,2502790,0.33753513065150603,Massachusetts,16773
200,Perris Union High,630210,0.3369601456720242,California,10381
245,Sweetwater Union High,638640,0.3338962010109613,California,26586
1033,BROWNSVILLE ISD,4811680,0.3329640030609093,Texas,12700
415,Township HSD 214,1704170,0.33284151014081825,Illinois,12073
220,San Francisco Unified,634410,0.3325768939434801,California,15697
163,Lompoc Unified,622410,0.33257188525711157,California,2962
688,ST. LOUIS CITY,2929280,0.3322124641385855,Missouri,5408
1000,Sevier County,4703780,0.33158225011205733,Tennessee,3485
623,BLOOMINGTON PUBLIC SCHOOL DISTRICT,2705790,0.33104544525079965,Minnesota,3624
848,Pender County Schools,3703570,0.3307713132125675,North Carolina,3049
557,Frederick County Public Schools,2400330,0.32991479509666843,Maryland,14062
940,Cranston,4400240,0.32989674234203686,Rhode Island,3397
526,Avoyelles Parish,2200150,0.32963983992885726,Louisiana,2274
56,Tucson Unified District (4403),408800,0.32865636522427605,Arizona,13876
980,Bedford County,4700180,0.32850417056516634,Tennessee,2605
23,St Clair County,103062,0.3283928155404431,Alabama,2440
322,COLLIER,1200330,0.32811370147764296,Florida,14461
1177,FAIRFAX CO PBLC SCHS,5101260,0.3277583326415494,Virginia,62556
770,NEW YORK CITY GEOGRAPHIC DISTRICT #15,3600092,0.32605971982860454,New York,7077
63,LITTLE ROCK SCHOOL DISTRICT,509000,0.32602617867581657,Arkansas,6185
781,NEW YORK CITY GEOGRAPHIC DISTRICT #19,3600120,0.3252712454336449,New York,5970
237,Santa Rosa High,635830,0.32505302853668283,California,7709
402,Whitfield County,1305700,0.3246314318573772,Georgia,3904
1191,PRINCE WILLIAM CO PBLC SCHS,5103130,0.32453890011478354,Virginia,27839
460,Thornton Twp HSD 205,1738970,0.3211716401706697,ILLINOIS,4823
889,Great Oaks Career Campuses,3905106,0.3208581304087944,Ohio,2551
519,Pike County,2104800,0.31899124552327895,Kentucky,2529
756,SANTA FE PUBLIC SCHOOLS,3502370,0.31893238326595996,New Mexico,3841
381,Fulton County,1302280,0.3182744051496006,Georgia,28956
660,LAMAR COUNTY SCHOOL DISTRICT,2802400,0.3181446335078534,Mississippi,3184
560,Montgomery County Public Schools,2400480,0.31786961972371675,Maryland,50614
285,St. Vrain Valley School District No. Re1J,805370,0.31606322253669494,Colorado,9957
440,Maine Township HSD 207,1724090,0.31578200137154167,Illinois,6335
585,Bay City School District,2604260,0.31501355070632187,Michigan,2537
1167,Washington District,4901140,0.3149912715206964,UTAH,8195
4,Baldwin County,100270,0.3148459642171011,Alabama,9882
1158,Granite District,4900360,0.3141393596078822,Utah,19850
899,TULSA,4030240,0.3122251617614036,Oklahoma,7943
875,South-Western City,3904480,0.31169927992884694,Ohio,6647
1182,HENRICO CO PBLC SCHS,5101890,0.3109692161632268,Virginia,16198
1229,Mukilteo School District,5305430,0.3090409424285389,Washington,4678
260,William S. Hart Union High,642510,0.3087519811564501,California,15372
902,Beaverton SD 48J,4101920,0.3079990771882957,Oregon,13361
218,San Diego Unified,634320,0.3078300242690513,California,28554
956,Greenville 01,4502310,0.307471253966312,South Carolina,22269
856,Surry County Schools,3704410,0.30707466294398167,North Carolina,2331
971,SC Public Charter School District,4503901,0.30634993060704574,SOUTH CAROLINA,3991
934,Pittsburgh SD,4219170,0.30619459845645736,Pennsylvania,6781
877,Toledo City,3904490,0.30588595325281204,Ohio,6598
37,Chandler Unified District #80 (4242),401870,0.30568527460538186,Arizona,17748
513,Jefferson County,2102990,0.3052210602878822,Kentucky,29111
205,Pomona Unified,631320,0.3047726833467164,California,6973
752,GALLUP-MCKINLEY CTY SCHOOLS,3501110,0.3043265643964561,New Mexico,3995
782,NEW YORK CITY GEOGRAPHIC DISTRICT #25,3600122,0.30393222158977096,New York,10222
26,Tuscaloosa County,103390,0.3037901210157039,Alabama,5367
840,Charlotte-Mecklenburg Schools,3702970,0.30317141409174236,North Carolina,45880
145,Glendale Unified,615240,0.30238752152191706,California,7177
1065,EDINBURG CISD,4818180,0.3015390568847437,Texas,10024
371,Cobb County,1301290,0.30126899314676026,Georgia,36361
187,Norwalk-La Mirada Unified,627690,0.30064247921390785,California,5192
998,Robertson County,4703600,0.30041183917142855,Tennessee,5794
90,Alvord Unified,602430,0.30016013817286025,California,5703
448,Township HSD 211,1730450,0.29836765756230355,Illinois,12121
1156,Canyons District,4900142,0.2983253568596902,Utah,11142
7,Calhoun County,100540,0.2983213206024983,Alabama,3139
778,NEW YORK CITY GEOGRAPHIC DISTRICT #30,3600102,0.29771680864346406,New York,9867
254,Vista Unified,641190,0.2973959229658387,California,6343
912,Portland SD 1J,4110040,0.2960321178569425,Oregon,13229
898,PUTNAM CITY,4025290,0.29587495783045437,Oklahoma,5133
999,Rutherford County,4703690,0.2958148595279881,Tennessee,17927
537,Ouachita Parish,2201200,0.295692777383612,Louisiana,5341
951,Chesterfield 01,4501560,0.2948742152579644,South Carolina,2280
1116,PASADENA ISD,4834320,0.29481631391232865,Texas,14476
819,Catawba County Schools,3700690,0.294105503153448,North Carolina,4925
815,Burke County Schools,3700480,0.29389401017326655,North Carolina,3737
826,Winston Salem / Forsyth County Schools,3701500,0.2933275302166552,North Carolina,16860
48,Phoenix Union High School District (4286),406330,0.29315141892066277,Arizona,27890
419,CHSD 218,1706540,0.2926955904111646,Illinois,5403
294,Connecticut Technical Education and Career System,900002,0.2926073967980967,Connecticut,11474
1037,CARROLLTON-FARMERS BRANCH ISD,4813050,0.29218483456593525,Texas,7202
731,Morris Hills Regional School District,3410740,0.2919573811172669,New Jersey,2573
712,Bergen County Vocational Technical School District,3401470,0.29137511044531295,NEW JERSEY,2368
203,Placentia-Yorba Linda Unified,630660,0.2909294655354282,California,7797
708,WASHOE COUNTY SCHOOL DISTRICT,3200480,0.29030610357084213,Nevada,20271
383,Gordon County,1302430,0.2901163400062886,Georgia,2000
1250,Vancouver School District,5309270,0.2898112481784401,Washington,7192
947,Beaufort 01,4501110,0.2889678172419543,South Carolina,6649
886,Dublin City,3904702,0.2879981047145227,Ohio,5127
559,Howard County Public Schools,2400420,0.28774232314360754,Maryland,18273
812,Alamance-Burlington Schools,3700030,0.28735566588673933,North Carolina,6726
659,JONES CO SCHOOL DIST,2802280,0.28666618958954715,Mississippi,3847
45,Mesa Unified District (4235),404970,0.28602598546647234,Arizona,18611
1021,ALVIN ISD,4808090,0.2857327442993737,Texas,5608
717,Cherry Hill School District,3403000,0.28497175141242936,New Jersey,3472
238,Sequoia Union High,636390,0.2828318029519941,California,8633
436,Joliet Twp HSD 204,1720610,0.2827167345998725,Illinois,6958
318,BROWARD,1200180,0.2826367352213581,FLORIDA,84723
1193,ROANOKE CITY PBLC SCHS,5103300,0.28190383271202235,Virginia,3859
52,Deer Valley Unified District (4246),407750,0.28169291419856657,Arizona,10867
531,Iberia Parish,2200720,0.2808774720352803,Louisiana,3733
1091,LA JOYA ISD,4826130,0.28080120937263797,Texas,7956
101,Burbank Unified,606450,0.28006433706409556,California,5139
47,Peoria Unified School District (4237),406250,0.27992326824228664,Arizona,13101
312,New Castle County Vocational-Technical School District,1001280,0.2794090159428257,Delaware,4684
176,Montebello Unified,625470,0.27930565699431287,California,7697
916,Springfield SD 19,4111670,0.2770156695156695,Oregon,3102
816,Cabarrus County Schools,3700530,0.27666789268272746,North Carolina,10878
1015,HARMONY PUBLIC SCHOOLS - NORTH TEXAS,4800292,0.27641127335399984,TEXAS,4407
20,Montgomery County,102430,0.27607623451678787,Alabama,7378
1063,ECTOR COUNTY ISD,4818000,0.2756799547080877,Texas,8851
550,Anne Arundel County Public Schools,2400060,0.27555506598891755,Maryland,23435
780,NEW YORK CITY GEOGRAPHIC DISTRICT #14,3600119,0.2751906343671559,New York,6261
475,New Albany-Floyd Co Con Sch,1807410,0.2748874037987773,Indiana,3801
232,Santa Ana Unified,635310,0.27487471728684254,California,14606
591,Dearborn City School District,2611600,0.2746309767195222,Michigan,6698
210,Riverside Unified,633150,0.2745891286180671,California,12599
1160,Jordan District,4900420,0.27412020764207035,Utah,14553
54,Tempe Union High School District (4287),408340,0.27396963481832104,Arizona,12997
839,Lincoln County Schools,3702680,0.2736072833970905,North Carolina,3654
779,NEW YORK CITY GEOGRAPHIC DISTRICT #31,3600103,0.2732900375892343,New York,17508
116,Coachella Valley Unified,609070,0.27293472439103506,California,5455
325,DUVAL,1200480,0.2721172729572474,Florida,36005
1175,CHESTERFIELD CO PBLC SCHS,5100840,0.2720838661721174,Virginia,20173
1205,Bellevue School District,5300390,0.27169281372847676,Washington,7147
1024,ARLINGTON ISD,4808700,0.27057656014281395,Texas,17230
1045,CONROE ISD,4815000,0.27056261834639256,Texas,20672
918,West Linn-Wilsonville SD 3J,4113170,0.27002968893854284,Oregon,3216
774,NEW YORK CITY GEOGRAPHIC DISTRICT #24,3600098,0.26973693401765,New York,13229
506,Boone County,2100510,0.26956170193290513,KENTUCKY,6447
586,Berrien Springs Public Schools,2605430,0.269049430887174,Michigan,2478
344,ORANGE,1201440,0.26838787027157585,Florida,64431
505,Wichita,2012990,0.2683548938247498,Kansas,13014
507,Bullitt County,2100750,0.2657560622235779,Kentucky,3958
811,Pitt County Schools,3700012,0.2641819164943105,North Carolina,7391
1258,MARION COUNTY SCHOOLS,5400720,0.2631711254002276,West Virginia,2257
1094,LAREDO ISD,4826790,0.26297716286047673,Texas,6034
1279,Waukesha School District,5515780,0.26284929448770944,Wisconsin,4394
78,Natomas Unified,600036,0.26206146384427137,California,5028
34,Amphitheater Unified District (4406),400680,0.2618504191466579,Arizona,4412
547,Vermilion Parish,2201800,0.26183591641606907,Louisiana,2446
1051,CYPRESS-FAIRBANKS ISD,4816110,0.2617632938016959,Texas,37567
955,Georgetown 01,4502280,0.2608023555391976,South Carolina,2621
97,Bellflower Unified,604440,0.26045934202358784,California,4842
907,Klamath County SD,4107020,0.26014849270954465,Oregon,2052
277,El Paso County Colorado School District 49,803870,0.259620687695748,Colorado,9949
1027,BASTROP ISD,4809570,0.2589554935908766,Texas,3822
1168,Weber District,4901200,0.25866573273006077,Utah,7914
672,HAZELWOOD,2913830,0.25836773608853925,Missouri,5248
755,ROSWELL INDEPENDENT SCHOOLS,3502250,0.2581070520486367,NEW MEXICO,2941
455,Rockford SD 205,1734510,0.2574327650803982,Illinois,8025
967,Richland 02,4503390,0.256851880470665,South Carolina,8900
275,Douglas County School District No. Re 1,803450,0.2548454578068113,Colorado,20175
1071,GALENA PARK ISD,4820250,0.2540065393463727,Texas,6859
639,MOUNDS VIEW PUBLIC SCHOOL DISTRICT,2722950,0.25338148336802946,Minnesota,3846
1179,FREDERICK CO PBLC SCHS,5101470,0.25313338887346115,Virginia,4561
1239,Seattle School District No. 1,5307710,0.2530812472128422,Washington,15545
773,NEW YORK CITY GEOGRAPHIC DISTRICT #32,3600097,0.2523389163723803,New York,2712
147,Grossmont Union High,616230,0.252080308430763,California,17044
727,Jersey City Public Schools,3407830,0.2518640755217937,New Jersey,6772
1285,Laramie County School District #1,5601980,0.2517679577843989,Wyoming,4321
924,Central Dauphin SD,4205400,0.25176764635027704,Pennsylvania,3413
1109,MISSION CISD,4831040,0.25089972678453665,Texas,4584
418,Bloom Twp HSD 206,1706420,0.25081158619112065,Illinois,2927
870,Columbus City School District,3904380,0.25041710130493156,Ohio,13547
960,Lancaster 01,4502580,0.2503667230856029,South Carolina,4103
346,PALM BEACH,1201500,0.25002533488219714,Florida,60673
103,Campbell Union High,607230,0.24988012658632486,California,8320
533,Lafayette Parish,2200870,0.24961566630725246,Louisiana,10194
17,Limestone County,102100,0.24949120895964016,Alabama,4561
137,Fontana Unified,613920,0.2490861422711571,California,12064
938,West Shore SD,4225830,0.24764637225110162,Pennsylvania,2438
380,Forsyth County,1302220,0.2476195315689356,GEORGIA,16833
523,Warren County,2105730,0.24738410696964414,KENTUCKY,5263
179,Morgan Hill Unified,625830,0.2465644486247344,California,2839
1257,KANAWHA COUNTY SCHOOLS,5400600,0.24598525217547224,West Virginia,7769
904,Corvallis SD 509J,4103480,0.2458728496634256,Oregon,2132
177,Monterey Peninsula Unified,625530,0.24579731978432254,California,3223
854,Sampson County Schools,3704140,0.24534924824698537,North Carolina,2340
362,Bibb County,1300420,0.24484190782422294,Georgia,5336
1030,BIRDVILLE ISD,4810230,0.2447589739095009,Texas,7063
83,Alhambra Unified,600153,0.24441068929226295,California,6376
910,North Clackamas SD 12,4108830,0.24337987786488222,OREGON,5051
833,Henderson County Schools,3702100,0.24313766823510433,North Carolina,4163
534,Lafourche Parish,2200900,0.24308196287406725,Louisiana,3790
342,NASSAU,1201350,0.24246085172540915,Florida,3139
12,Etowah County,101380,0.24237843285462335,Alabama,2759
27,Walker County,103450,0.24219651424060243,Alabama,2062
1271,McFarland School District,5508910,0.2419563841417803,WISCONSIN,2156
771,NEW YORK CITY GEOGRAPHIC DISTRICT #17,3600095,0.24187454034504743,New York,8111
247,Torrance Unified,639420,0.24152164436584883,California,7647
284,Littleton School District No. 6 in the county of Arapahoe,805310,0.2414574498530062,Colorado,4901
1087,KATY ISD,4825170,0.24021902739006448,Texas,25202
183,Napa Valley Unified,626640,0.23985236854663652,California,5902
1066,EL PASO ISD,4818300,0.23964754457004417,Texas,17838
863,FARGO 1,3806780,0.23901321847152643,North Dakota,3442
338,MANATEE,1201230,0.2379839982643835,Florida,15601
244,Stockton Unified,638010,0.23787897896014426,California,11083
858,Wake County Schools,3704720,0.23774198723744416,NORTH CAROLINA,52125
577,Quincy,2509870,0.23695486352933376,Massachusetts,2873
645,ROSEMOUNT-APPLE VALLEY-EAGAN,2732390,0.2369491152033265,MINNESOTA,9567
269,Boulder Valley School District No. Re2,802490,0.23687606147388574,Colorado,9694
541,St. Landry Parish,2201560,0.23590989106075555,Louisiana,3790
1150,WICHITA FALLS ISD,4845780,0.23582247720670188,TEXAS,3724
229,San Rafael City High,635110,0.23576042278332357,California,2608
990,Lawrence County,4702340,0.23570293537290238,Tennessee,2202
243,South San Francisco Unified,637530,0.23545902936778484,California,2644
1154,Alpine District,4900030,0.23544654698849982,Utah,20556
349,POLK,1201590,0.23468525839934803,Florida,33885
510,Fayette County,2101860,0.2346167407996124,Kentucky,12809
228,San Mateo Union High,634980,0.23434333839918947,California,9056
1077,GRAND PRAIRIE ISD,4821420,0.23431049950672259,Texas,9946
948,Berkeley 01,4501170,0.2340225132579408,South Carolina,10940
830,Guilford County Schools,3701920,0.2336687550543175,North Carolina,23004
776,NEW YORK CITY GEOGRAPHIC DISTRICT #28,3600100,0.23349565756633756,New York,15213
134,Fairfield-Suisun Unified,613360,0.23289797068432172,California,6863
469,Evansville Vanderburgh School Corp,1803450,0.2324161664665866,Indiana,6206
1068,FORT BEND ISD,4819650,0.23151187991099498,TEXAS,25657
535,Livingston Parish,2201020,0.23142789829200677,Louisiana,7129
1267,Green Bay Area Public School District,5505820,0.23130739494894575,Wisconsin,5578
1170,ARLINGTON CO PBLC SCHS,5100270,0.23116402516955603,Virginia,8019
1074,GEORGETOWN ISD,4820600,0.23069786965905048,Texas,4160
757,NEW YORK CITY GEOGRAPHIC DISTRICT # 1,3600076,0.230572018865562,New York,2781
555,Cecil County Public Schools,2400240,0.23033914076235362,Maryland,4658
838,Lenoir County Public Schools,3702610,0.2301514758943651,North Carolina,2555
497,Kansas City,2007950,0.22926651182169758,KANSAS,6252
693,Helena H S,3013830,0.22905481765461108,Montana,2478
525,Ascension Parish,2200090,0.2284376517499263,Louisiana,7225
849,Randolph County School System,3703780,0.22829565411509056,North Carolina,5141
563,St. Mary's County Public Schools,2400600,0.22783244848242515,Maryland,5392
676,KANSAS CITY 33,2916400,0.22767105871655177,Missouri,4285
366,Catoosa County,1300930,0.22763389711064133,Georgia,3401
268,Aurora Joint District No. 28 of the counties of Adams and A,802340,0.2271569008554292,Colorado,10453
370,Clayton County,1301230,0.2266699827755811,Georgia,16654
92,Antelope Valley Union High,602820,0.22635293341497292,California,22303
42,Glendale Union High School District (4285),403450,0.22590050135302914,Arizona,16695
133,Escondido Union High,612910,0.22587497969310122,California,7158
871,Dayton City,3904384,0.22549668080063062,Ohio,4280
1008,TEXANS CAN ACADEMIES,4800016,0.2254600924967367,Texas,5037
157,Kings Canyon Joint Unified,619700,0.2248916133855794,California,2816
536,City of Monroe School District,2201080,0.22427341760991043,Louisiana,2254
974,Orangeburg,4503910,0.2241943788822649,SOUTH CAROLINA,3933
38,Dysart Unified District (4243),402690,0.22281335327514934,Arizona,8275
1085,IRVING ISD,4824420,0.22220522129790388,Texas,9811
352,SARASOTA,1201680,0.2217262553121223,Florida,13360
1126,ROUND ROCK ISD,4838080,0.22150039730382948,Texas,15131
1178,FAUQUIER CO PBLC SCHS,5101320,0.22139759036144574,Virginia,3738
699,LINCOLN PUBLIC SCHOOLS,3172840,0.22095910305247368,Nebraska,12840
1005,Williamson County,4704530,0.22068221762134807,Tennessee,14367
278,Poudre School District R-1,803990,0.22008783113755492,Colorado,8869
724,Hamilton Township Public School District,3406540,0.21990459446384875,New Jersey,3712
564,Washington County Public Schools,2400660,0.21986820407296664,Maryland,6925
617,Waterford School District,2635310,0.21939005874647716,Michigan,2315
332,HILLSBOROUGH,1200870,0.21884844888114613,Florida,63330
1073,GARLAND ISD,4820340,0.21844676224830992,Texas,17271
515,Kenton County,2103090,0.21764564037353606,Kentucky,4439
978,Anderson County,4700090,0.21666434904679607,Tennessee,2198
446,Northfield Twp HSD 225,1729010,0.21646092217135382,Illinois,5132
495,De Soto,2005490,0.21601192161939828,Kansas,2293
1181,HANOVER CO PBLC SCHS,5101830,0.2146684266926039,Virginia,5693
367,Savannah-Chatham County,1301020,0.21458553372592887,Georgia,9261
153,Jefferson Union High,618930,0.2142028902690624,California,3920
528,Caddo Parish,2200300,0.2137078274492251,Louisiana,10682
1164,Salt Lake District,4900870,0.21358053760342482,Utah,7108
784,NYC SPECIAL SCHOOLS - DISTRICT 75,3600135,0.2128652558671836,New York,5693
866,Akron City,3904348,0.21254882648078932,Ohio,6556
637,Minneapolis Public School District,2721240,0.21248085843755163,Minnesota,9796
722,Freehold Regional High School District,3405610,0.21245996648014148,New Jersey,10413
1147,WACO ISD,4844280,0.2121695062526544,Texas,3775
903,Bend-LaPine Administrative SD 1,4101980,0.21163992035747387,Oregon,4784
700,MILLARD PUBLIC SCHOOLS,3173740,0.21110925210004994,NEBRASKA,7476
1114,NORTHSIDE ISD,4833120,0.2108775092756709,Texas,32413
206,Poway Unified,631530,0.21063331964039914,California,11616
442,J S Morton HSD 201,1726880,0.21002321771068713,Illinois,6979
348,PINELLAS,1201560,0.2098575910719694,Florida,29347
10,Elmore County,101290,0.20973714597755413,Alabama,3393
313,Red Clay Consolidated School District,1001300,0.20954369856111082,Delaware,4695
16,Lee County,102070,0.20941622285948386,Alabama,2641
1007,HAYS CISD,4800010,0.2088853565653937,Texas,6766
404,BOISE INDEPENDENT DISTRICT,1600360,0.20858089394674761,Idaho,6107
1113,NORTH EAST ISD,4832940,0.2085388335519311,Texas,20096
1252,Yakima School District,5310110,0.20852804973462175,Washington,5275
500,Olathe,2010140,0.20841655550916882,Kansas,9452
168,Lucia Mar Unified,623080,0.20839392108511579,California,3338
958,Horry 01,4502490,0.20791316428005788,South Carolina,14411
265,Val Verde Unified,691135,0.20755532515549904,California,6591
376,Douglas County,1301860,0.20730863489606205,Georgia,8766
33,Agua Fria Union High School District (4289),400450,0.20712875520763263,Arizona,9219
175,Modesto City High,625150,0.20701025471267337,California,15311
1165,Tooele District,4901050,0.20699773400484456,Utah,5058
225,San Lorenzo Unified,634710,0.20698320530555717,California,3137
272,Cherry Creek School District No. 5 in the county of Arapah,802910,0.20623374901481278,Colorado,17843
1173,CAMPBELL CO PBLC SCHS,5100600,0.20611484856815337,Virginia,2913
965,Pickens 01,4503330,0.20542036080467757,South Carolina,4945
22,Shelby County,103030,0.20534607695749726,Alabama,6841
760,NEW YORK CITY GEOGRAPHIC DISTRICT # 4,3600079,0.2052314379172828,New York,3796
120,Corona-Norco Unified,609850,0.2052237659973301,California,17610
829,Granville County Schools,3701800,0.20510750660128252,North Carolina,2132
657,JACKSON CO SCHOOL DIST,2802160,0.20467869222096957,Mississippi,2761
259,Whittier Union High,642480,0.2041213627420524,California,10767
641,OSSEO PUBLIC SCHOOL DISTRICT,2725200,0.2020085604411382,MINNESOTA,6712
814,Buncombe County Schools,3700450,0.20191660172345002,North Carolina,7153
1247,Tacoma School District,5308700,0.20189198421132531,Washington,8427
644,ROCHESTER PUBLIC SCHOOL DISTRICT,2731800,0.20117109717244128,Minnesota,5726
301,New Haven School District,902790,0.20088384427048234,Connecticut,5855
13,Houston County,101770,0.20067413103340784,Alabama,2178
65,PULASKI COUNTY SPECIAL SCHOOL DISTRICT,511850,0.20019596297540626,Arkansas,3156
1217,Highline School District,5303540,0.20001075160418819,Washington,6072
299,Hartford School District,901920,0.19978882183115937,Connecticut,5154
1123,RIO GRANDE CITY GRULLA ISD,4837140,0.19967241839027916,TEXAS,2926
1136,SOCORRO ISD,4840710,0.19934613445282934,Texas,15861
1211,Clover Park School District,5301410,0.1992463859515308,Washington,3614
468,East Allen County Schools,1802850,0.19914799848300574,Indiana,4619
162,Lodi Unified,622230,0.19780795201520968,California,8673
991,Madison County,4702580,0.19744597153383603,TENNESSEE,3292
234,Santa Cruz City High,635600,0.19662199502625033,California,3468
1149,WESLACO ISD,4844960,0.19631020965202525,Texas,4828
964,Oconee 01,4503060,0.1960872912273655,South Carolina,2943
488,Des Moines Independent Comm School District,1908970,0.19598678709236042,Iowa,9832
1163,Provo District,4900810,0.1952170898340156,Utah,4646
751,GADSDEN INDEPENDENT SCHOOLS,3501080,0.19492085054998964,NEW MEXICO,4034
1157,Davis District,4900210,0.194914356976888,Utah,17932
901,Greater Albany Public SD 8J,4101120,0.19480017961383025,Oregon,2877
55,Tolleson Union High School District (4288),408520,0.19468385140136082,Arizona,13335
375,Dougherty County,1301830,0.19466743119266058,Georgia,3600
217,San Bernardino City Unified,634170,0.1946359499510295,California,13283
828,Gaston County Schools,3701620,0.19445204236616082,North Carolina,9222
836,Johnston County Public Schools,3702370,0.19442123426286792,NORTH CAROLINA,12234
1219,Kennewick School District,5303930,0.194316179065573,Washington,5928
847,Orange County Schools,3703480,0.1938926562172061,North Carolina,2413
818,Carteret County Public Schools,3700630,0.19385040895527972,North Carolina,2680
989,Knox County,4702220,0.19362332538020105,Tennessee,18827
1254,CABELL COUNTY SCHOOLS,5400180,0.19361334867663982,West Virginia,3542
649,ST. CLOUD PUBLIC SCHOOL DISTRICT,2733510,0.1934561058465939,MINNESOTA,3091
282,Harrison School District No. 2 in the county of El Paso an,804530,0.19283552690482586,Colorado,3355
738,Paterson Public School District,3412690,0.19279682891096409,New Jersey,3566
310,Indian River School District,1000680,0.19219802135502445,Delaware,3027
666,VICKSBURG WARREN SCHOOL DIST,2804470,0.19219017810567107,MISSISSIPPI,2015
5,Birmingham City,100390,0.19191275995933468,Alabama,5455
997,Putnam County,4703480,0.19106766198668512,Tennessee,3736
1222,Lake Washington School District,5304230,0.1910573122529644,Washington,9101
1090,KLEIN ISD,4825740,0.19091199845490375,Texas,17537
53,Sunnyside Unified District (4407),408170,0.19065717503217505,Arizona,4476
1220,Kent School District,5303960,0.1903862880191682,Washington,7708
1233,Pasco School District,5306570,0.1903408222948143,Washington,5789
768,NEW YORK CITY GEOGRAPHIC DISTRICT #12,3600090,0.19020914141144735,New York,5141
502,Shawnee Mission Pub Sch,2011640,0.19018997859533476,Kansas,8005
335,LEE,1201080,0.19014596816630158,FLORIDA,29807
565,Wicomico County Public Schools,2400690,0.18966408692868925,Maryland,4512
24,Talladega County,103180,0.18956478322376633,Alabama,2228
545,Tangipahoa Parish,2201680,0.1895209838321294,Louisiana,5880
14,Huntsville City,101800,0.1874797491143255,Alabama,6816
1054,DENTON ISD,4816740,0.1873783981651391,Texas,9746
726,Jackson Township School District,3407740,0.18728987852489495,New Jersey,2697
777,NEW YORK CITY GEOGRAPHIC DISTRICT #29,3600101,0.18703222771386968,NEW YORK,4548
1137,SOUTHWEST ISD,4840950,0.1865455307773554,TEXAS,4303
783,NEW YORK CITY GEOGRAPHIC DISTRICT #27,3600123,0.18567894399643448,New York,11206
655,DESOTO CO SCHOOL DIST,2801320,0.1856415841643571,Mississippi,10813
558,Harford County Public Schools,2400390,0.18529871473870344,Maryland,11272
417,Belvidere CUSD 100,1705790,0.18512214090076365,Illinois,2713
942,Providence,4400900,0.18473625134022226,RHODE ISLAND,7057
255,Walnut Valley Unified,641280,0.18411616161616162,California,4764
1106,MESQUITE ISD,4830390,0.18370875935524117,Texas,11469
906,Gresham-Barlow SD 10J,4106000,0.1835022338454833,Oregon,3574
946,Anderson 05,4500900,0.1827560969058874,South Carolina,3686
144,Gilroy Unified,615180,0.18257821764375542,California,3927
1032,BRAZOSPORT ISD,4811190,0.18235242604433746,Texas,3366
1189,PITTSYLVANIA CO PBLC SCHS,5102940,0.18225612203934163,Virginia,2632
1171,AUGUSTA CO PBLC SCHS,5100300,0.18203026339889655,Virginia,3187
321,CLAY,1200300,0.18195462040174287,FLORIDA,12816
730,Middletown Township Public School District,3410110,0.1810761556588191,New Jersey,2943
19,Mobile County,102370,0.18099580393394624,Alabama,14979
913,Redmond SD 2J,4110350,0.1808745122568731,Oregon,2693
337,LEVY,1201140,0.1808165170206393,Florida,2446
569,Chicopee,2503660,0.18053033997414064,Massachusetts,2158
841,Moore County Schools,3703090,0.1801216128887323,North Carolina,4300
368,Cherokee County,1301110,0.17988930484271354,Georgia,13769
1169,ALBEMARLE CO PBLC SCHS,5100090,0.17936925759506406,Virginia,4468
280,Mesa County Valley School District No. 51,804350,0.17922319145736199,Colorado,5885
970,York 04,4503900,0.17890292963047078,SOUTH CAROLINA,5262
393,Muscogee County,1303870,0.17887891291022132,Georgia,8918
546,Terrebonne Parish,2201740,0.17841159827332048,Louisiana,4494
413,TWIN FALLS DISTRICT,1603240,0.17824982298304803,Idaho,2901
1142,TEXAS CITY ISD,4842510,0.1782344343838178,TEXAS,2445
673,INDEPENDENCE 30,2915480,0.17817027174250316,Missouri,4128
504,Topeka Public Schools,2012260,0.17769095883912614,Kansas,3642
172,Marysville Joint Unified,624090,0.1776716713029214,California,2766
702,PAPILLION LA VISTA COMMUNITY SCHOOLS,3175270,0.17744236153518222,Nebraska,3814
765,NEW YORK CITY GEOGRAPHIC DISTRICT # 9,3600086,0.17700206845980615,New York,8907
204,Placer Union High,630750,0.1764745446954209,California,4128
888,Northwest Local,3904736,0.17506480527186985,Ohio,2658
432,Glenbard Twp HSD 87,1716830,0.17475947656007057,Illinois,7914
1117,PEARLAND ISD,4834440,0.17422066565401287,Texas,6929
457,Springfield SD 186,1737080,0.17387883556254916,Illinois,3937
230,San Ramon Valley Unified,635130,0.17296489268491705,California,10514
860,Wilkes County Schools,3704950,0.17274495707700765,North Carolina,2638
271,Byers School District No. 32J,802700,0.17267699870280606,Colorado,2695
1002,Sumner County,4704020,0.17266730344111558,Tennessee,9008
170,Madera Unified,623340,0.17236415038620656,California,6045
273,Colorado Springs School District No. 11 in the county of E,803060,0.17234855230175372,Colorado,7393
835,Iredell-Statesville Schools,3702310,0.17227341074135413,NORTH CAROLINA,7097
473,Indianapolis Public Schools,1804770,0.1722386541979064,Indiana,5557
490,Iowa City Comm School District,1914700,0.1717605715331384,Iowa,4306
511,Hardin County,2102490,0.17170666754701613,Kentucky,4319
121,Cotati-Rohnert Park Unified,609940,0.17167115177065426,California,2005
698,ELKHORN PUBLIC SCHOOLS,3170110,0.17133404850676287,Nebraska,3056
472,School City of Hammond,1804320,0.17124027998495747,Indiana,3633
462,Indian Prairie CUSD 204,1741690,0.1711530361824761,Illinois,8839
984,Dickson County,4701020,0.17032301771480465,Tennessee,2413
252,Ventura Unified,640980,0.1699199878347322,California,5375
1016,INTERNATIONAL LEADERSHIP OF TEXAS (ILTEXAS),4801440,0.16968218785808423,TEXAS,3401
358,Troup County,1300001,0.16926954677106282,Georgia,3557
88,Acalanes Union High,601650,0.1688954348726841,California,5429
471,Greater Clark County Schools,1803940,0.16880772621009466,Indiana,3175
408,IDAHO FALLS DISTRICT,1601530,0.16846835703978558,Idaho,3210
1082,HUMBLE ISD,4823910,0.1683878007890212,Texas,15369
340,MARTIN,1201290,0.16836500850740552,Florida,6000
8,Cullman County,101020,0.16810267853953953,Alabama,2772
855,Stanly County Schools,3704320,0.1679615513486346,North Carolina,2510
339,MARION,1201260,0.1679576857000251,Florida,12934
740,Ramapo Indian Hills Regional High School District,3413560,0.16772558342897745,New Jersey,2078
333,INDIAN RIVER,1200930,0.16738989521643635,Florida,5531
93,Antioch Unified,602850,0.16717917217917216,California,4605
297,Capitol Region Education Council,900700,0.16680907805868797,Connecticut,3128
211,Roseville Joint Union High,633630,0.1667997404768446,California,10571
527,Bossier Parish,2200270,0.16657168151386048,Louisiana,6450
164,Long Beach Unified,622500,0.16618298674804777,California,21819
132,Elk Grove Unified,612330,0.16601354535907023,California,20370
1213,Everett School District,5302670,0.16599184630849992,Washington,5815
315,ALACHUA,1200030,0.16591248664355793,Florida,8733
554,Carroll County Public Schools,2400210,0.1658827631805378,Maryland,8006
41,Gilbert Unified District (4239),403400,0.16579526270015857,Arizona,11910
1049,CORPUS CHRISTI ISD,4815270,0.16539948875925803,Texas,10621
214,Saddleback Valley Unified,633860,0.16465692265893817,California,8407
276,Eagle County School District No. Re 50,803540,0.1642777995719172,COLORADO,2411
801,SEWANHAKA CENTRAL HIGH SCHOOL DISTRICT,3626520,0.16425126486704378,New York,7807
491,Sioux City Comm School District,1926400,0.16400253245114293,Iowa,4335
166,Los Banos Unified,622740,0.16397210014917551,California,3479
35,Buckeye Union High School District (4284),401410,0.16397066972036495,Arizona,5176
817,Caldwell County Schools,3700580,0.16393886871354685,North Carolina,3586
466,Bartholomew Con School Corp,1800360,0.16353751284078027,Indiana,3753
635,LAKEVILLE PUBLIC SCHOOL DISTRICT,2717780,0.16310872027180065,MINNESOTA,3812
317,BREVARD,1200150,0.16303505773430851,Florida,23966
1078,GRAPEVINE-COLLEYVILLE ISD,4821660,0.16297985818650124,Texas,5447
813,Brunswick County Schools,3700420,0.16239265417763915,North Carolina,4317
425,CHSD 155,1711370,0.16191161280802713,Illinois,5598
761,NEW YORK CITY GEOGRAPHIC DISTRICT # 5,3600081,0.16162180206387267,New York,3725
658,JACKSON PUBLIC SCHOOL DISTRICT,2802190,0.16133210422525357,Mississippi,6108
1010,TEXAS COLLEGE PREPARATORY ACADEMIES,4800163,0.161214335421016,Texas,2037
477,South Bend Community School Corp,1810290,0.16105676990564283,Indiana,4708
714,Brick Township Public School District,3402220,0.16074373955200483,New Jersey,2599
107,Centinela Valley Union High,607920,0.16070760742696905,California,5910
167,Los Gatos-Saratoga Union High,622800,0.16063357170668713,California,3375
621,Minnesota Transitions Charter Sch,2700117,0.15950932205527868,Minnesota,3099
403,Hawaii Department of Education,1500030,0.15938998035932586,Hawaii,51229
799,ROCHESTER CITY SCHOOL DISTRICT,3624750,0.1591851249935076,New York,7385
154,Jurupa Unified,619260,0.15916158795786683,California,5993
823,Davidson County Schools,3701140,0.15898071147332057,North Carolina,5826
364,Bulloch County,1300630,0.15832988237687348,Georgia,3416
438,CHSD 128,1722830,0.15817415159520423,Illinois,3359
351,SANTA ROSA,1201650,0.1575511263975855,Florida,9134
851,Rockingham County Schools,3703990,0.1574245520334619,North Carolina,3440
227,San Marcos Unified,634880,0.15590803389911143,California,6785
1057,DONNA ISD,4817390,0.1557840307840308,Texas,4166
652,ST. PAUL PUBLIC SCHOOL DISTRICT,2733840,0.15570676011494144,Minnesota,12101
643,ROBBINSDALE PUBLIC SCHOOL DISTRICT,2731780,0.15529239878503595,Minnesota,4038
628,DULUTH PUBLIC SCHOOL DISTRICT,2711040,0.15511578457145306,MINNESOTA,2977
950,Cherokee 01,4501500,0.15504790282864656,South Carolina,2350
1284,Campbell County School District #1,5601470,0.15484116492408764,Wyoming,2673
976,Sioux Falls School District 49-5,4666270,0.1546669938650307,South Dakota,7228
1070,FRISCO ISD,4820010,0.1545310350804795,TEXAS,20465
576,Plymouth,2509720,0.15380802163136545,Massachusetts,2359
195,Palm Springs Unified,629550,0.153692789968652,California,6769
1195,ROCKINGHAM CO PBLC SCHS,5103390,0.15349013741753276,Virginia,3669
347,PASCO,1201530,0.15333559684603248,Florida,24513
788,BUFFALO CITY SCHOOL DISTRICT,3605850,0.15326313470162264,New York,10456
316,BAY,1200090,0.15325488001540627,Florida,7544
961,Lexington 01,4502700,0.1532531050073923,South Carolina,8496
820,Chapel Hill-Carrboro City Schools,3700720,0.15314301266536418,North Carolina,3896
142,Galt Joint Union High,614820,0.15310349266880535,California,2199
944,Aiken 01,4500720,0.1530945095110593,South Carolina,6940
1095,LEANDER ISD,4827030,0.15291072156286453,Texas,13531
1127,SAN ANGELO ISD,4838700,0.15287834651130527,Texas,4201
334,LAKE,1201050,0.1527970040953858,Florida,13490
862,BISMARCK 1,3800014,0.15242498987869427,North Dakota,4059
298,Fairfield School District,901530,0.1524153965383622,Connecticut,2920
67,SPRINGDALE SCHOOL DISTRICT,512660,0.15235235394194932,Arkansas,4321
39,Flagstaff Unified District (4192),402860,0.15220104914863025,Arizona,3432
597,Kalamazoo Public Schools,2619950,0.15201936645034267,MICHIGAN,3858
345,OSCEOLA,1201470,0.15171716308807406,Florida,23773
1060,EAGLE PASS ISD,4817730,0.1516909768554732,Texas,4323
110,Ceres Unified,608130,0.15167112494123813,California,4361
31,Fairbanks North Star Borough School District,200600,0.15155235964236308,Alaska,3207
79,Tracy Joint Unified,600047,0.1503786838089501,California,5817
140,Fresno Unified,614550,0.15017090458357452,California,18263
764,NEW YORK CITY GEOGRAPHIC DISTRICT # 8,3600085,0.15010752299035487,New York,6745
953,Dorchester 02,4502010,0.149935414942574,South Carolina,7882
201,Petaluma Joint Union High,630250,0.14988890921707365,California,3215
208,Rialto Unified,632370,0.14947212633226906,California,7812
423,Champaign CUSD 4,1709420,0.14945196647324308,Illinois,3008
188,Novato Unified,627720,0.14937213324310103,California,2635
1161,Nebo District,4900630,0.14936510093062447,Utah,7726
747,Woodbridge Township School District,3418120,0.14915673843903604,New Jersey,4259
219,San Dieguito Union High,634380,0.14902871972057302,California,8888
223,San Juan Unified,634620,0.14886991726323967,California,12644
81,Porterville Unified,600064,0.14798301219690785,California,6919
115,Clovis Unified,609030,0.1476934402284744,California,13138
308,Christina School District,1000200,0.1474539343311035,Delaware,3048
518,Oldham County,2104530,0.14708736893963947,KENTUCKY,3990
966,Richland 01,4503360,0.14650825065542591,South Carolina,6277
670,FERGUSON-FLORISSANT R-II,2912010,0.14627220288161003,Missouri,2786
596,Huron Valley Schools,2618990,0.14616005535055354,Michigan,2567
118,Compton Unified,609620,0.14564785186315474,California,4916
993,Maury County,4702760,0.1455982599198679,Tennessee,3254
638,Moorhead Area Public Schools,2721420,0.14559039660147824,Minnesota,2116
1188,NORFOLK CITY PBLC SCHS,5102670,0.14541722052962464,Virginia,7365
807,WEBSTER CENTRAL SCHOOL DISTRICT,3630360,0.14527324024288024,New York,2550
1141,TEXARKANA ISD,4842480,0.14523998492600032,TEXAS,2085
806,WAPPINGERS CENTRAL SCHOOL DISTRICT,3629880,0.14517653634695288,New York,3543
399,Rockdale County,1304410,0.1448503857810246,Georgia,5299
326,ESCAMBIA,1200510,0.14459675272824057,Florida,10999
589,Chippewa Valley Schools,2609570,0.1440410450445071,Michigan,5709
174,Merced Union High,624660,0.1438284374675798,California,11177
104,Capistrano Unified,607440,0.14378242131516608,California,15463
459,Thornton Fractional Twp HSD 215,1738940,0.14349425703798596,ILLINOIS,3330
343,OKALOOSA,1201380,0.14339608198436013,Florida,8445
524,Acadia Parish,2200030,0.14337204645574692,Louisiana,2596
786,NEW YORK CITY GEOGRAPHIC DISTRICT #21,3600152,0.14317945008103092,New York,12040
852,Rowan-Salisbury Schools,3704050,0.14316464129173284,North Carolina,5887
973,Charter Institute at Erskine,4503909,0.143154367618457,SOUTH CAROLINA,2937
470,Fort Wayne Community Schools,1803630,0.14261989112460938,Indiana,8229
687,FRANCIS HOWELL R-III,2928950,0.14196405075617813,Missouri,5305
767,NEW YORK CITY GEOGRAPHIC DISTRICT #11,3600088,0.14193152850748275,New York,8071
581,Worcester,2513230,0.1418838398345815,Massachusetts,7575
74,Lake Elsinore Unified,600027,0.14153117943831459,California,7090
1187,NEWPORT NEWS CITY PBLC SCHS,5102640,0.14148985141658404,Virginia,7976
529,Calcasieu Parish,2200330,0.14123006485607575,Louisiana,8382
159,Liberty Union High,621600,0.14100991825365425,California,8275
1006,Wilson County,4704550,0.1409171195652174,TENNESSEE,7090
401,Walton County,1305390,0.14075694532028982,Georgia,4326
476,Perry Township Schools,1808820,0.1407285530191458,Indiana,4776
1214,Evergreen School District (Clark),5302700,0.14054016486421417,Washington,7811
864,GRAND FORKS 1,3808130,0.1401981473665504,North Dakota,2283
556,Charles County Public Schools,2400270,0.13957964491306993,Maryland,8989
129,El Dorado Union High,612070,0.13936683462127714,California,6869
1197,STAFFORD CO PBLC SCHS,5103660,0.13906070047020225,Virginia,10111
122,Covina-Valley Unified,610050,0.13882448819008275,California,4187
240,Simi Valley Unified,636840,0.13867543253140566,California,5249
251,Vallejo City Unified,640740,0.13829015103257813,California,3118
690,Billings H S,3003900,0.13823134881175633,Montana,5660
627,EASTERN CARVER COUNTY PUBLIC SCHOOL,2708190,0.13770640781539958,Minnesota,3171
1198,SUFFOLK CITY PBLC SCHS,5103710,0.13755989949946087,Virginia,4422
952,Darlington 01,4501860,0.13717200770629254,South Carolina,2827
1231,Northshore School District,5305910,0.13697748301668233,Washington,6982
112,Chico Unified,608370,0.1364944880041154,California,3887
517,Madison County,2103720,0.13601660840595406,KENTUCKY,3397
450,Plainfield SD 202,1731740,0.1360093803641696,Illinois,8982
686,SPRINGFIELD R-XII,2928860,0.13597221709319646,Missouri,6769
293,Weld County Reorganized School District No. Re-4,807350,0.13443722099104474,COLORADO,2339
743,Union City School District,3416380,0.1340240709732925,New Jersey,3642
331,HIGHLANDS,1200840,0.13395288171517078,Florida,3420
925,Chambersburg Area SD,4205550,0.13305712692215757,Pennsylvania,2975
674,JEFFERSON CITY,2916190,0.13298262049748377,MISSOURI,2721
479,Tippecanoe School Corp,1811340,0.13290948688773932,Indiana,3886
1196,SPOTSYLVANIA CO PBLC SCHS,5103640,0.13286114826551285,Virginia,7869
969,York 03,4503870,0.132816065723414,South Carolina,5008
540,St. Charles Parish,2201440,0.1326709973251815,Louisiana,2882
995,Montgomery County,4703030,0.13252202034076965,Tennessee,10575
264,Irvine Unified,684500,0.13242224910529765,California,10628
808,WILLIAMSVILLE CENTRAL SCHOOL DISTRICT,3631470,0.13230057926343197,New York,3159
622,ANOKA-HENNEPIN PUBLIC SCHOOL DIST.,2703180,0.1320457787824848,Minnesota,13237
151,Hemet Unified,616920,0.1317116160030905,California,7978
426,Decatur SD 61,1711850,0.13146007233290202,Illinois,2230
542,St. Martin Parish,2201590,0.1314382552908185,Louisiana,2110
1088,KELLER ISD,4825260,0.13114323753638418,Texas,11397
427,CHSD 99,1712570,0.1310950155409851,Illinois,4887
737,Passaic County Technical-Vocational School District,3412630,0.13107126419624093,NEW JERSEY,4437
680,NORTH KANSAS CITY 74,2922800,0.1307249780218223,Missouri,6198
329,HENDRY,1200780,0.13065420296146696,Florida,2377
1266,Eau Claire Area School District,5504050,0.1301501862309263,Wisconsin,3278
945,Anderson 01,4500780,0.1299695551394159,South Carolina,3153
378,Fayette County,1302130,0.12988704318936875,Georgia,6895
994,McMinn County,4702820,0.12954185466065085,Tennessee,2070
1194,ROANOKE CO PBLC SCHS,5103330,0.12952843031620784,Virginia,4485
927,Downingtown Area SD,4207710,0.12942821503299534,Pennsylvania,4382
575,Newton,2508610,0.12932489451476795,Massachusetts,3935
1263,WOOD COUNTY SCHOOLS,5401620,0.12903902951011736,West Virginia,3918
608,Portage Public Schools,2628950,0.12871769868356894,Michigan,2847
207,Redlands Unified,632070,0.12853390483226568,California,6563
435,Hinsdale Twp HSD 86,1719320,0.12839506172839504,Illinois,3894
1260,MONONGALIA COUNTY SCHOOLS,5400930,0.12838975540588443,West Virginia,3576
361,Bartow County,1300330,0.12832137166577123,Georgia,4069
1206,Bellingham School District,5300420,0.12739941029454,Washington,3865
937,West Chester Area SD,4225290,0.12723090081811622,Pennsylvania,3872
306,West Hartford School District,904920,0.12696641917612028,Connecticut,2862
1028,BEAUMONT ISD,4809670,0.1260773162113064,TEXAS,4877
288,Pueblo School District No. 60 in the county of Pueblo and,806120,0.1259940353396264,Colorado,4007
825,Durham Public Schools,3701260,0.12531973110786657,North Carolina,11374
86,Santa Barbara Unified,601414,0.1251966830181232,California,6437
1104,MCALLEN ISD,4829670,0.12486954272995114,Texas,6777
508,Christian County,2101150,0.12484661300721696,Kentucky,2254
1018,ABILENE ISD,4807440,0.1245931283905967,Texas,4393
150,Hayward Unified,616740,0.12451616374682399,California,5212
482,Warrick County School Corp,1812390,0.12450003257116801,Indiana,3112
407,BONNEVILLE JOINT DISTRICT,1600930,0.12442683166882701,Idaho,4533
962,Lexington 02,4502730,0.12376645759506555,South Carolina,2506
1036,CANYON ISD,4812810,0.12370265253976315,Texas,3069
626,CENTENNIAL PUBLIC SCHOOL DISTRICT,2708100,0.12358392636979243,Minnesota,2168
1159,Iron District,4900390,0.1235164153840098,Utah,2978
388,Houston County,1302880,0.12344861008057784,Georgia,9073
883,Olentangy Local,3904676,0.12301021214971165,OHIO,7066
149,Hanford Joint Union High,616500,0.12253418126164403,California,4141
905,Eugene SD 4J,4104740,0.1222996709976022,Oregon,5330
95,Baldwin Park Unified,603690,0.12219011439765366,California,3584
262,Yuba City Unified,643470,0.12213645071031907,California,3751
258,Western Placer Unified,642140,0.12205204146393066,California,2355
320,CITRUS,1200270,0.12202371663081807,Florida,4898
794,LEVITTOWN UNION FREE SCHOOL DISTRICT,3617160,0.12179487179487178,New York,2283
410,JOINT SCHOOL DISTRICT NO. 2,1602100,0.12162755410879995,Idaho,13176
253,Visalia Unified,641160,0.12118536707276435,CALIFORNIA,9561
736,Passaic City School District,3412540,0.1208968044640614,NEW JERSEY,4205
178,Moreno Valley Unified,625800,0.12046580713612327,California,9749
1236,Quillayute Valley School District,5307020,0.12043795620437958,Washington,2055
213,Sacramento City Unified,633840,0.12043711204512719,California,12403
396,Paulding County,1304020,0.12019104679535186,Georgia,10041
861,Wilson County Schools,3705020,0.12008027382390532,North Carolina,3251
900,Hillsboro SD 1J,4100023,0.11932085363535401,Oregon,5790
447,CUSD 308,1730270,0.11901042212514523,Illinois,5820
600,Lansing Public School District,2621150,0.11857932803077356,MICHIGAN,3522
323,COLUMBIA,1200360,0.11797708579360638,Florida,2874
1276,Racine Unified School District,5512360,0.11773325228156747,Wisconsin,5540
1172,BEDFORD CO PBLC SCHS,5100360,0.11761776809034366,Virginia,2915
1075,GOOSE CREEK CISD,4821150,0.11753952682531395,Texas,7075
1118,PFLUGERVILLE ISD,4834830,0.11744984866718791,Texas,8075
69,Hesperia Unified,600014,0.11736306308715429,California,7268
1282,West Allis-West Milwaukee School District,5516260,0.11730250529746461,Wisconsin,2470
509,Daviess County,2101470,0.11726340346235364,Kentucky,3499
795,BELLMORE-MERRICK CENTRAL HIGH SCHOOL DISTRICT,3619020,0.11711628194431567,New York,3481
1200,WASHINGTON CO PBLC SCHS,5103900,0.11699093688728011,Virginia,2183
398,Richmond County,1304380,0.11692189164556188,Georgia,8965
1204,Battle Ground School District,5300380,0.11528180146174931,Washington,3419
1103,MANSFIELD ISD,4828920,0.11490624158154847,Texas,11841
387,Henry County,1302820,0.11477643896532841,Georgia,15133
1105,MCKINNEY ISD,4829850,0.11428728794888746,Texas,7916
630,Elk River School District,2711370,0.11413919413919411,Minnesota,4232
239,Shasta Union High,636600,0.11372018587118997,California,4258
935,Pocono Mountain SD,4219500,0.11332973453089229,Pennsylvania,2829
553,Calvert County Public Schools,2400150,0.11322363921631737,Maryland,5061
1064,EDGEWOOD ISD,4818150,0.11301436470228665,Texas,2415
549,Allegany County Public Schools,2400030,0.1129582267689685,Maryland,2392
667,COLUMBIA 93,2901000,0.11280461444164988,Missouri,5557
845,New Hanover County Schools,3703330,0.11274269779678556,North Carolina,8604
365,Carroll County,1300840,0.11222823553925199,Georgia,4387
1264,Appleton Area School District,5500390,0.11218578032137354,Wisconsin,4680
267,Academy School District No. 20 in the county of El Paso an,801920,0.11125351374529516,Colorado,8940
295,Bridgeport School District,900450,0.11099585495611182,Connecticut,5100
1185,LYNCHBURG CITY PBLC SCHS,5102340,0.11057324084961326,Virginia,2425
763,NEW YORK CITY GEOGRAPHIC DISTRICT # 7,3600084,0.11051602380479134,New York,6941
615,Walled Lake Consolidated Schools,2635160,0.11044172216809611,Michigan,3938
1203,Auburn School District,5300300,0.1098730966412481,Washington,5421
741,Toms River Regional School District,3416230,0.10974094388071834,New Jersey,4819
357,WALTON,1201980,0.10956747349083057,Florida,3158
501,Salina,2011370,0.10926889669579426,Kansas,2047
607,Port Huron Area School District,2628830,0.10889980367558985,MICHIGAN,2496
400,Walker County,1305370,0.10879425638898968,Georgia,2393
25,Tuscaloosa City,103360,0.10868781542898341,Alabama,2926
1232,Olympia School District,5306180,0.10855169150848133,Washington,3395
270,School District 27J,802580,0.10838505467113618,Colorado,5662
119,Conejo Valley Unified,609640,0.10801364072109848,California,6412
1125,ROCKWALL ISD,4837650,0.10738166231204989,Texas,5797
718,East Orange School District,3404230,0.10722551323206585,New Jersey,3041
28,Anchorage School District,200180,0.10718763749611586,ALASKA,12135
1253,BERKELEY COUNTY SCHOOLS,5400060,0.10703164159498528,West Virginia,5965
963,Lexington 05,4502820,0.10693482635928679,South Carolina,5754
651,South Washington County Schools,2733810,0.10644708422328056,Minnesota,6100
296,Bristol School District,900510,0.10636418089248278,Connecticut,2346
1255,HARRISON COUNTY SCHOOLS,5400510,0.10629802873371197,West Virginia,3033
1209,Central Kitsap School District,5301080,0.10617208256693238,Washington,3760
363,Bryan County,1300570,0.10615205439764713,Georgia,3050
59,BENTONVILLE SCHOOL DISTRICT,503060,0.10599819487652185,Arkansas,5438
713,Black Horse Pike Regional School District,3401770,0.10596914822266934,New Jersey,3422
169,Lynwood Unified,623160,0.10584303910739505,California,4088
29,Kenai Peninsula Borough School District,200390,0.10578660651867094,Alaska,2160
1040,CLEAR CREEK ISD,4814280,0.1055563214053663,Texas,13221
433,Grayslake CHSD 127,1717550,0.10551226138557235,Illinois,2680
485,Cedar Rapids Comm School District,1906540,0.1052883856565185,Iowa,4866
1122,RICHARDSON ISD,4837020,0.10516430981841557,Texas,10447
311,Brandywine School District,1001240,0.10478537276374589,Delaware,3115
844,Craven County Schools,3703310,0.10461124369943432,North Carolina,3872
1228,Mount Vernon School District,5305400,0.1044029824985329,Washington,2162
372,Columbia County,1301410,0.10407658784469859,Georgia,8927
1215,Federal Way School District,5302820,0.10407174224711868,Washington,6587
1003,Tipton County,4704080,0.10378480702041387,Tennessee,3096
1044,COMAL ISD,4814730,0.10361932111048622,Texas,7461
824,Duplin County Schools,3701200,0.10317372756693143,North Carolina,3100
707,LYON COUNTY SCHOOL DISTRICT,3200300,0.10303544494720965,Nevada,2684
1038,CEDAR HILL ISD,4813230,0.10292440237835218,Texas,2625
1139,SPRING ISD,4841220,0.10220746426197341,Texas,9705
1162,Ogden City District,4900720,0.10208933953312513,Utah,2579
802,SMITHTOWN CENTRAL SCHOOL DISTRICT,3627060,0.10160728335393954,New York,2829
236,Santa Monica-Malibu Unified,635700,0.1013433979588843,California,3255
1050,CROWLEY ISD,4815910,0.10118194134231628,Texas,5074
929,Erie City SD,4209300,0.10092951449449267,PENNSYLVANIA,3063
846,Onslow County Schools,3703450,0.10079055802673555,North Carolina,7853
1034,BRYAN ISD,4811790,0.10010553294135381,Texas,4814
319,CHARLOTTE,1200240,0.09971484514615159,Florida,5366
289,Pueblo County School District 70,806150,0.09966207317917919,Colorado,3198
787,NEW YORK CITY GEOGRAPHIC DISTRICT #22,3600153,0.09957704813209947,New York,9726
661,LAUDERDALE CO SCHOOL DIST,2802430,0.09954350241763522,Mississippi,2084
18,Madison County,102220,0.09927550544301225,Alabama,5408
604,Grosse Pointe Public Schools,2625740,0.09924566437478569,Michigan,2452
878,Westerville City,3904504,0.0992181687575361,Ohio,4747
1099,LUBBOCK ISD,4828500,0.09906588869796622,Texas,7619
656,HARRISON CO SCHOOL DIST,2801770,0.09905797279681237,Mississippi,3948
611,South Lyon Community Schools,2632250,0.09897714342254982,Michigan,2514
579,Springfield,2511130,0.0987990473260568,MASSACHUSETTS,7928
879,Willoughby-Eastlake City,3904510,0.09874581939799329,Ohio,2457
882,Lakota Local,3904611,0.09859663782358827,Ohio,5429
84,Turlock Unified,600158,0.09835982007030276,California,4792
831,Harnett County Schools,3702010,0.09834242113301196,North Carolina,6027
695,Missoula H S,3018540,0.0982017170701524,Montana,3834
57,Vail Unified District (4413),408850,0.09807001440169656,Arizona,4435
1143,TOMBALL ISD,4842960,0.09777578551912566,Texas,5670
1224,Marysville School District,5304860,0.09711181242909911,Washington,3099
982,Bradley County,4700330,0.09698654368564028,Tennessee,3098
797,MOUNT VERNON SCHOOL DISTRICT,3620100,0.09685671648861832,New York,2311
411,NAMPA SCHOOL DISTRICT,1602340,0.09680133373778133,Idaho,4273
1274,New Berlin School District,5510470,0.09672882355609996,Wisconsin,2111
1277,Sheboygan Area School District,5513650,0.09611920851679932,Wisconsin,3074
593,Forest Hills Public Schools,2614610,0.0960476538436636,Michigan,3108
353,SEMINOLE,1201710,0.0956258234519104,Florida,21130
809,YONKERS CITY SCHOOL DISTRICT,3631920,0.0956039056660211,New York,7014
744,Wayne Township Public School District,3417280,0.09556699928179585,New Jersey,2421
1174,CHESAPEAKE CITY PBLC SCHS,5100810,0.09548550805490119,Virginia,13272
286,Thompson School District R-2J,805400,0.09539097744360898,Colorado,4564
548,Portland Public Schools,2309930,0.0950801547816473,Maine,2010
728,Lenape Regional High School District,3408490,0.09501694225822284,New Jersey,6615
109,Central Union High,608010,0.09477072649433413,California,4092
893,LAWTON,4017250,0.09453796327077477,Oklahoma,3746
421,Cons HSD 230,1708400,0.09415224431961944,Illinois,7787
302,Norwalk School District,903090,0.0941188652739015,Connecticut,3844
810,Cumberland County Schools,3700011,0.09358148848037856,North Carolina,15422
171,Manteca Unified,623610,0.09357416361220121,California,8094
669,FT. ZUMWALT R-II,2908370,0.0929136840035107,Missouri,5917
1270,Madison Metropolitan School District,5508520,0.09243448452475078,WISCONSIN,7915
725,Hudson County Schools of Technology School District,3407570,0.09206048284900911,NEW JERSEY,2282
739,Plainfield Public School District,3413140,0.09128418373932767,New Jersey,2216
1261,PUTNAM COUNTY SCHOOLS,5401200,0.09080328617069829,West Virginia,2539
922,Bethlehem Area SD,4203570,0.0907067941198948,Pennsylvania,4570
1212,Edmonds School District,5302400,0.09000162526820746,WASHINGTON,6356
1146,VICTORIA ISD,4844150,0.089814730460565,Texas,3885
369,Clarke County,1301170,0.08932297161335884,Georgia,3372
1020,ALIEF ISD,4807830,0.0892993595867527,Texas,12233
753,LAS CRUCES PUBLIC SCHOOLS,3501500,0.08835116126238486,NEW MEXICO,7459
384,Griffin-Spalding County,1302520,0.08807934651986099,Georgia,2785
1190,PORTSMOUTH CITY PBLC SCHS,5103000,0.08799281716960629,Virginia,3770
822,Cleveland County Schools,3700900,0.08769281033973483,North Carolina,4320
633,FOREST LAKE PUBLIC SCHOOL DISTRICT,2712270,0.08735199851667416,Minnesota,2082
1183,HENRY CO PBLC SCHS,5101920,0.08735198105357483,Virginia,2178
1226,Monroe School District,5305130,0.08712980141551571,Washington,2024
874,Parma City,3904463,0.08704229206388814,Ohio,4078
458,St Charles CUSD 303,1737170,0.08656325958884356,ILLINOIS,4136
827,Franklin County Schools,3701530,0.08647128784360766,North Carolina,2801
853,Rutherford County Schools,3704080,0.08620961209612099,North Carolina,2414
785,NEW YORK CITY GEOGRAPHIC DISTRICT #20,3600151,0.08615692075255327,New York,12517
772,NEW YORK CITY GEOGRAPHIC DISTRICT #18,3600096,0.08592671875986521,New York,2932
1108,MIDLOTHIAN ISD,4830600,0.08510394768068244,Texas,3273
750,FARMINGTON MUNICIPAL SCHOOLS,3500990,0.08495700233587475,New Mexico,3714
1186,MONTGOMERY CO PBLC SCHS,5102520,0.08474703076779201,Virginia,3075
44,Marana Unified District (4404),404630,0.08472178574314679,Arizona,4326
957,Greenwood 50,4502340,0.08454040578448671,South Carolina,2497
405,VALLIVUE SCHOOL DISTRICT,1600600,0.08397871312806138,IDAHO,2897
895,MOORE,4020250,0.08370497944929667,Oklahoma,7255
305,Waterbury School District,904830,0.08358758032079266,Connecticut,4605
954,Florence 01,4502130,0.08339874899212524,South Carolina,4607
1155,Box Elder District,4900090,0.08330710694716793,Utah,2823
671,FOX C-6 SCHOOL DISTRICT,2912300,0.08328016124388138,Missouri,3598
1202,YORK CO PBLC SCHS,5104150,0.0828314525301771,Virginia,4073
1269,Kenosha School District,5507320,0.08270504247357732,Wisconsin,6260
1119,PHARR-SAN JUAN-ALAMO ISD,4834860,0.08266039908299325,Texas,8931
449,Peoria SD 150,1731230,0.08246219332128035,ILLINOIS,4066
36,Casa Grande Union High School District (4453),401740,0.08245066856066458,Arizona,3822
354,ST. JOHNS,1201740,0.0824492957062262,Florida,15192
573,Lynn,2507110,0.08204235837380197,Massachusetts,4078
330,HERNANDO,1200810,0.08196732608449539,Florida,7124
709,Manchester School District,3304590,0.08133766471006408,New Hampshire,3915
389,Jackson County,1302940,0.08098506984749629,Georgia,2906
173,Milpitas Unified,624500,0.08090135716303748,California,3207
1107,MIDLAND ISD,4830570,0.08021927379443461,Texas,5201
1115,NORTHWEST ISD,4833180,0.08006070734961886,Texas,8126
406,COEUR D'ALENE DISTRICT,1600780,0.07996893166567912,Idaho,3292
355,ST. LUCIE,1201770,0.07990765598501792,FLORIDA,15791
246,Tamalpais Union High,638790,0.07972901728706701,California,5038
562,Queen Anne's County Public Schools,2400540,0.07967470293993842,Maryland,2356
281,GreeleySchool District No. 6 in the county of Weld and Sta,804410,0.07900100394702461,COLORADO,5776
181,Mountain View-Los Altos Union High,626310,0.07879196826565243,California,4514
1120,PLANO ISD,4835100,0.07864355720036559,Texas,8627
336,LEON,1201110,0.07838428120428802,Florida,9464
443,Naperville CUSD 203,1727710,0.07821053009367263,Illinois,5271
894,MIDWEST CITY-DEL CITY,4019950,0.07773321741406546,Oklahoma,3498
677,LEE'S SUMMIT R-VII,2918300,0.07722225883733805,Missouri,5958
682,PARKWAY C-2,2923580,0.07705445544554455,Missouri,5354
522,Shelby County,2105320,0.076972024634684,Kentucky,2216
303,Stamford School District,904320,0.07638834550929798,Connecticut,4882
1275,Oshkosh Area School District,5511190,0.07629687185459308,Wisconsin,2870
1101,MAGNOLIA ISD,4828740,0.07623417575127989,Texas,4381
99,Bonita Unified,605610,0.07588475499092553,CALIFORNIA,3216
614,Utica Community Schools,2634470,0.07534299242247719,Michigan,7170
452,Proviso Twp HSD 209,1732910,0.07516931006898708,Illinois,4708
975,Rapid City Area School District 51-4,4659820,0.07508700453888772,South Dakota,4015
625,BURNSVILLE PUBLIC SCHOOL DISTRICT,2707290,0.07476198975038882,Minnesota,3992
158,Las Virgenes Unified,621000,0.07442200443987224,California,3727
503,Blue Valley,2012000,0.07435906059616013,Kansas,7312
481,Vigo County School Corp,1812090,0.07435594635690604,Indiana,3823
1218,Issaquah School District,5303750,0.07434657268693716,Washington,6404
250,Vacaville Unified,640590,0.07432207638366528,California,4491
30,Matanuska-Susitna Borough School District,200510,0.07429327054118215,Alaska,5298
341,MONROE,1201320,0.07401810126406594,Florida,2834
463,CUSD 200,1742180,0.07380074809694637,Illinois,3821
521,Scott County,2105260,0.07364981874437185,Kentucky,3012
199,Pasadena Unified,629940,0.07327265065487587,California,5829
190,Oceanside Unified,628250,0.07325123444751366,California,5056
1281,Wauwatosa School District,5515990,0.07279486111937192,Wisconsin,2148
654,WAYZATA PUBLIC SCHOOL DISTRICT,2742160,0.07274786017800396,MINNESOTA,3732
392,Murray County,1303840,0.07258889270695268,Georgia,2191
498,Lawrence,2008400,0.07254994257310163,Kansas,3416
640,North St. Paul-Maplewood Oakdale,2723850,0.07206472387383013,Minnesota,3525
1059,EAGLE MT-SAGINAW ISD,4817700,0.07192683517357001,Texas,7053
911,Oregon City SD 62,4109330,0.07187889165628891,Oregon,2396
1133,SHARYLAND ISD,4839930,0.07186283790890924,Texas,3364
775,NEW YORK CITY GEOGRAPHIC DISTRICT #26,3600099,0.0717605096806809,New York,13057
584,Ann Arbor Public Schools,2602820,0.07174579709286663,Michigan,5548
390,Liberty County,1303300,0.07169261812953401,Georgia,2770
300,Meriden School District,902400,0.07159583186980445,Connecticut,2302
85,Twin Rivers Unified,601332,0.07149045730218889,California,5934
71,Apple Valley Unified,600017,0.07125060088551549,California,3983
1244,Spokane School District,5308250,0.07109696901281255,Washington,8545
233,Santa Clara Unified,635430,0.07100140190984536,California,4164
746,West Windsor-Plainsboro Regional School District,3417700,0.07096863887140914,New Jersey,3109
616,Warren Consolidated Schools,2635190,0.07071603249472509,Michigan,4319
928,East Stroudsburg Area SD,4208670,0.07060201249132547,Pennsylvania,2284
636,MANKATO PUBLIC SCHOOL DISTRICT,2718780,0.07058388765705838,Minnesota,2636
1199,VA BEACH CITY PBLC SCHS,5103840,0.07038542696202016,Virginia,20553
936,Scranton SD,4221090,0.07020888852829388,Pennsylvania,2944
184,Nevada Joint Union High,626880,0.06965283261677048,California,2481
800,SACHEM CENTRAL SCHOOL DISTRICT,3625350,0.06953465775696627,New York,4116
1152,WYLIE ISD,4846530,0.06948243496916062,Texas,5443
478,Hamilton Southeastern Schools,1810650,0.06945976825494901,Indiana,7041
412,POCATELLO DISTRICT,1602640,0.06927628665072191,Idaho,4027
125,Delano Joint Union High,610860,0.06862233582322463,California,4110
896,NORMAN,4021720,0.06860462965298626,Oklahoma,4826
377,Effingham County,1301980,0.06853424657534246,Georgia,3879
1180,HAMPTON CITY PBLC SCHS,5101800,0.0679642697907538,Virginia,6026
921,Armstrong SD,4202590,0.06712930510771531,PENNSYLVANIA,2059
64,NORTH LITTLE ROCK SCHOOL DISTRICT,510680,0.06693104167990058,ARKANSAS,2358
566,Worcester County Public Schools,2400720,0.06683673469387758,Maryland,2120
601,Livonia Public Schools School District,2621840,0.06547437524106833,Michigan,4266
1237,Renton School District,5307230,0.06530868722836047,Washington,4172
514,Jessamine County,2103030,0.06514609421586169,KENTUCKY,2555
618,West Bloomfield School District,2635820,0.06450073460808392,MICHIGAN,2001
89,Alameda Unified,601770,0.06365690866426017,California,3172
923,Central Bucks SD,4205310,0.06334478014458744,Pennsylvania,4614
1223,Longview School District,5304470,0.062298669502786126,Washington,2050
610,Rockford Public Schools,2630030,0.06144124393187113,Michigan,2482
791,GREECE CENTRAL SCHOOL DISTRICT,3612630,0.061375755168064,New York,4148
720,Elizabeth Public Schools,3404590,0.06082758946275141,New Jersey,7492
1235,Puyallup School District,5306960,0.06069637571064432,Washington,5054
414,CHSD 117,1703870,0.06057640472734813,Illinois,2646
483,MSD Wayne Township,1812810,0.060558253719738823,Indiana,4171
1241,Snohomish School District,5308020,0.06019512826466793,Washington,3408
1201,WILLIAMSBURG-JAMES CITY PBLC SCHS,5104020,0.05974213132219494,Virginia,3704
49,Queen Creek Unified District (4245),406810,0.059592886480949764,ARIZONA,4112
742,Trenton Public School District,3416290,0.059324364425207124,New Jersey,2555
492,Waterloo Comm School District,1930480,0.0591745805471981,Iowa,3320
684,ROCKWOOD R-VI,2926850,0.059053535201627885,Missouri,7009
373,Coweta County,1301500,0.05882903421234631,Georgia,7331
647,SHAKOPEE PUBLIC SCHOOL DISTRICT,2733000,0.05847611935482381,Minnesota,2938
832,Haywood County Schools,3702040,0.05845670884639662,North Carolina,2120
105,Carlsbad Unified,607500,0.058151571164510175,California,3805
798,CLARKSTOWN CENTRAL SCHOOL DISTRICT,3620340,0.05761547953289579,New York,2552
192,Oroville Union High,629130,0.05750959522820946,California,2427
439,Lincoln Way CHSD 210,1723070,0.05672445546868779,Illinois,6665
834,Hoke County Schools,3702250,0.056527973788782916,North Carolina,2470
1131,SCHERTZ-CIBOLO-U CITY ISD,4839480,0.056104368364086415,TEXAS,5344
1210,Central Valley School District,5301110,0.05609881626351002,Washington,4500
242,Victor Valley Union High,636972,0.05568231210408406,California,10226
1086,JUDSON ISD,4824990,0.05541425176166452,Texas,7180
568,Brockton,2503090,0.055338995584289355,Massachusetts,4262
486,Council Bluffs Comm School District,1908220,0.05524248230900172,Iowa,2580
1079,HARLANDALE ISD,4822470,0.055205479452054784,Texas,3750
1245,Sumner School District,5308610,0.05476551853311029,Washington,3317
668,BLUE SPRINGS R-IV,2905310,0.053850525717533376,Missouri,4697
745,West Morris Regional High School District,3417550,0.05263684536596064,New Jersey,2190
226,San Luis Coastal Unified,634800,0.05261755891819897,California,2545
1080,HARLINGEN CISD,4822530,0.05258901865295876,Texas,4351
1259,MERCER COUNTY SCHOOLS,5400840,0.05250224339062609,West Virginia,2228
692,Great Falls H S,3013050,0.05215424324937601,Montana,3130
75,Temecula Valley Unified,600028,0.05214353743395971,California,9520
261,Woodland Joint Unified,643080,0.05210667285785242,California,3034
612,Traverse City Area Public Schools,2633870,0.052083333333333356,Michigan,3149
76,Murrieta Valley Unified,600029,0.05153601258878482,California,8251
1207,Bethel School District,5300480,0.05149036341473254,WASHINGTON,6669
620,Zeeland Public Schools,2636660,0.05107536901744447,Michigan,2069
287,Lewis-Palmer Consolidated School District No. 38 in the co,805820,0.050594230497954557,Colorado,2357
793,KENMORE-TONAWANDA UNION FREE SCHOOL DISTRICT,3616230,0.05058453237410074,New York,2448
803,EAST RAMAPO CENTRAL SCHOOL DISTRICT (SPRING VALLEY),3627810,0.050469679948371066,New York,2811
1089,KILLEEN ISD,4825660,0.050219357455382786,Texas,11272
61,FAYETTEVILLE SCHOOL DISTRICT,506120,0.05008508199900215,ARKANSAS,2801
1083,HUNTSVILLE ISD,4824030,0.04989530788997812,Texas,3937
908,Lake Oswego SD 7J,4107230,0.049583877785475655,OREGON,2460
512,Hopkins County,2102860,0.049548623551454556,KENTUCKY,2002
977,Hamblen County,4700001,0.04951663320015731,Tennessee,3101
1112,NEW CANEY ISD,4832400,0.04945468987429205,Texas,4999
930,Lancaster SD,4213140,0.0494149612165301,Pennsylvania,2911
544,St. Tammany Parish,2201650,0.04909510974200999,Louisiana,11270
609,Rochester Community School District,2629940,0.048804319024907256,Michigan,8092
710,Nashua School District,3304980,0.04851187782408031,New Hampshire,3466
891,EPIC BLENDED LEARNING CHARTER,4000800,0.047003791121438154,OKLAHOMA,5349
1249,Tumwater School District,5309100,0.04685740886011568,Washington,2176
865,WEST FARGO 6,3819410,0.04676955365381482,North Dakota,3061
444,Niles Twp HSD 219,1728530,0.04652215769039536,ILLINOIS,4619
197,Palos Verdes Peninsula Unified,629700,0.04560656734569779,California,3795
487,Davenport Comm School District,1908580,0.045418825753754985,Iowa,4565
520,Pulaski County,2104950,0.04534369523049196,Kentucky,2527
1043,CLINT ISD,4814430,0.045192307692307726,Texas,3542
892,EDMOND,4010590,0.04448572201921777,Oklahoma,7468
754,LOS LUNAS PUBLIC SCHOOLS,3501680,0.044242164909687375,New Mexico,2619
196,Palo Alto Unified,629610,0.04397330615135764,California,3878
968,Spartanburg 02,4503510,0.043821672464888536,South Carolina,3245
161,Livermore Valley Joint Unified,622110,0.043587899192751335,California,4214
1238,Richland School District,5307320,0.043252549425821116,Washington,4167
185,New Haven Unified,626910,0.04312113617376777,California,3580
1092,LA PORTE ISD,4826190,0.04285287591739206,Texas,2165
445,McLean County USD 5,1728620,0.042794714165267,ILLINOIS,3847
106,Castro Valley Unified,607800,0.04249237417214501,California,2825
983,Cumberland County,4700900,0.04222972972972972,Tennessee,2068
256,Washington Unified,641580,0.04187626283529167,California,2433
94,Azusa Unified,603600,0.04187576434866954,California,2200
3,Autauga County,100240,0.04153288255958899,Alabama,2440
972,Sumter 01,4503902,0.041389974940091945,South Carolina,4456
1110,MONTGOMERY ISD,4831260,0.04129999378959137,TEXAS,3141
131,El Rancho Unified,612180,0.040985104633098804,California,2533
650,St. Michael-Albertville Schools,2733790,0.04083098230315464,Minnesota,2333
590,Clarkston Community School District,2609900,0.04055913638340779,Michigan,2852
711,Bayonne School District,3401260,0.04000298715523252,NEW JERSEY,2690
939,Wilkes-Barre Area SD,4226300,0.039933657051758185,PENNSYLVANIA,2274
1256,JEFFERSON COUNTY SCHOOLS,5400570,0.03982461567430162,West Virginia,2793
224,San Leandro Unified,634680,0.039752747252747245,California,2856
1234,Peninsula School District,5306690,0.03930990603519649,Washington,2945
100,Brawley Union High,605820,0.0390625,California,2048
409,JEFFERSON COUNTY JOINT DISTRICT,1601570,0.038630011687585744,Idaho,2009
516,Laurel County,2103210,0.038616251005631486,KENTUCKY,2534
734,North Hunterdon-Voorhees Regional High School District,3411610,0.038512862332270775,New Jersey,2138
461,Valley View CUSD 365U,1740070,0.03747601499397035,Illinois,5337
1251,Wenatchee School District,5309660,0.037289068231841534,Washington,2382
642,PRIOR LAKE-SAVAGE AREA SCHOOLS,2730060,0.03692992851408694,MINNESOTA,3013
917,Tigard-Tualatin SD 23J,4112240,0.03673305728464411,Oregon,3653
582,Wayne-Westland Community School District,2600015,0.03670682049541908,Michigan,3187
1227,Moses Lake School District,5305220,0.03651035749212339,Washington,2616
646,ROSEVILLE PUBLIC SCHOOL DISTRICT,2732430,0.036299697744710535,Minnesota,2398
890,Findlay City,3910000,0.03621525750361166,Ohio,2000
248,Tulare Joint Union High,639930,0.035886776337068216,CALIFORNIA,5764
40,Florence Unified School District (4437),402920,0.03550935855836035,Arizona,3157
1017,COLLEGE STATION ISD,4807350,0.03519789715500653,Texas,4245
135,Fallbrook Union High,613530,0.035145024376195204,California,2125
685,ST. JOSEPH,2927060,0.03513148187041913,Missouri,3136
678,LIBERTY 53,2918540,0.034891150783457475,Missouri,4213
602,L'Anse Creuse Public Schools,2621870,0.03483643823060864,Michigan,3326
613,Troy School District,2634260,0.03480383807414977,Michigan,3673
804,SYRACUSE CITY SCHOOL DISTRICT,3628590,0.03450480982169071,New York,5589
360,Barrow County,1300290,0.03433649030594535,Georgia,3756
480,Union School Corporation,1811730,0.034222664478877285,INDIANA,3892
1047,COPPELL ISD,4815210,0.03417146908159531,Texas,4220
80,Paso Robles Joint Unified,600048,0.03391412739366622,California,2443
1035,BURLESON ISD,4812180,0.03371177248245879,Texas,4091
9,Decatur City,101170,0.03369257784748193,Alabama,2072
1225,Mead School District,5304920,0.03368084488923813,WASHINGTON,3338
257,West Covina Unified,642000,0.032977180479762926,California,3192
715,Burlington County Institute of Technology School District,3402490,0.032949878653870585,New Jersey,2124
395,Oconee County,1303960,0.03277036323610347,Georgia,2758
73,Pleasanton Unified,600020,0.03216230216508236,California,5003
592,Farmington Public School District,2614070,0.03172268907563025,Michigan,2860
792,HALF HOLLOW HILLS CENTRAL SCHOOL DISTRICT,3613290,0.03139491298527444,New York,2582
941,Pawtucket,4400840,0.03120013007581736,Rhode Island,2207
494,West Des Moines Comm School District,1930930,0.03073724085397235,Iowa,2177
931,Lower Merion SD,4214160,0.03069419237749549,Pennsylvania,2915
694,Flathead H S,3015420,0.030297843204382086,Montana,3037
599,Lake Orion Community Schools,2620730,0.030099369849733392,Michigan,2263
68,Rocklin Unified,600013,0.0300927913154766,California,4332
1084,HURST-EULESS-BEDFORD ISD,4824060,0.030083004713476556,Texas,5030
1230,North Thurston Public Schools,5305850,0.0300762248862472,WASHINGTON,4429
748,RIO RANCHO PUBLIC SCHOOLS,3500010,0.029995260866359036,New Mexico,5623
1216,Franklin Pierce School District,5302940,0.029915576934586137,Washington,2223
1067,FORNEY ISD,4819560,0.029894550147377186,Texas,4299
663,PASCAGOULA-GAUTIER SCHOOL DISTRICT,2803480,0.02989130434782608,Mississippi,2024
108,Central Unified,607970,0.02978524782760559,California,4441
124,Davis Joint Unified,610620,0.029781890796046043,California,2437
571,Lawrence,2506660,0.029498604734899625,Massachusetts,3384
619,West Ottawa Public School District,2635910,0.02866428009241628,Michigan,2294
1272,Middleton-Cross Plains Area School District,5509510,0.02866419294990721,Wisconsin,2376
484,Ankeny Comm School District,1903690,0.028602040151218866,Iowa,2749
681,PARK HILL,2923550,0.02857142857142858,MISSOURI,3694
1283,West Bend School District,5516290,0.02854967758242488,Wisconsin,2094
805,VALLEY STREAM CENTRAL HIGH SCHOOL DISTRICT,3629520,0.027941261959235547,New York,3582
588,Brighton Area Schools,2606870,0.02765123601527432,Michigan,2039
837,Lee County Schools,3702560,0.027558822125709925,North Carolina,2972
292,Westminster Public Schools,807230,0.027386318400609108,Colorado,2571
394,Newton County,1303930,0.0270519219211372,Georgia,6055
1148,WAXAHACHIE ISD,4844730,0.02632071063235052,Texas,3224
464,Zion-Benton Twp HSD 126,1743890,0.026272304964603782,Illinois,2564
1097,LONGVIEW ISD,4828110,0.025996112730806605,Texas,2296
1208,Camas School District,5300810,0.025909201207212934,Washington,2375
959,Kershaw 01,4502550,0.025729540642548107,South Carolina,3288
1129,SAN BENITO CISD,4838790,0.025375939849624052,Texas,2144
881,Milford Exempted Village,3904550,0.025025536261491302,OHIO,2031
290,School District No. 3 in the county of El Paso and State of,806480,0.024231409965167372,Colorado,2448
880,Worthington City,3904513,0.024201396234398126,Ohio,3226
606,Plymouth-Canton Community Schools,2628560,0.024140501610967202,Michigan,6031
1111,NEW BRAUNFELS ISD,4832370,0.02395178197064987,Texas,2034
790,GREAT NECK UNION FREE SCHOOL DISTRICT,3612510,0.023691796008869167,New York,2455
60,CABOT SCHOOL DISTRICT,503750,0.023589328086116107,Arkansas,2520
1240,Shoreline School District,5307920,0.02346832311869937,Washington,3042
988,Johnson City,4702130,0.023074041385966363,TENNESSEE,2412
981,Blount County,4700300,0.022956540355384275,Tennessee,2873
572,Lowell,2507020,0.022954475282170893,Massachusetts,3192
683,RAYTOWN C-2,2926070,0.022330771186606424,Missouri,2591
735,Northern Valley Regional High School District,3411760,0.022325719981412973,New Jersey,2018
1072,GALVESTON ISD,4820280,0.022121415770609325,Texas,2140
263,Yucaipa-Calimesa Joint Unified,643560,0.0219373581864835,California,3079
1134,SHELDON ISD,4839990,0.021810514759088802,Texas,3288
499,Maize,2009140,0.02177825878948414,Kansas,2337
653,Stillwater Area Public Schools,2738190,0.021688877060243757,Minnesota,2771
872,Hamilton City,3904410,0.021686652405157672,Ohio,2532
493,Waukee Comm School District,1930510,0.021450222601117758,IOWA,2479
72,Dublin Unified,600019,0.021132282670523323,California,3441
1278,Sun Prairie Area School District,5514640,0.0201654874369211,Wisconsin,3135
77,Redondo Beach Unified,600032,0.019871760039124053,California,3160
467,Monroe County Community Sch Corp,1800630,0.01973237040527185,Indiana,3434
1280,Wausau School District,5515900,0.019726678550207946,Wisconsin,2493
691,Bozeman H S,3004590,0.019190056512879805,Montana,2502
114,Claremont Unified,608760,0.019035684449218306,California,2398
1265,Elmbrook School District,5501770,0.01854858233292035,Wisconsin,2545
634,EDEN PRAIRIE PUBLIC SCHOOL DISTRICT,2714220,0.018536978780531815,MINNESOTA,3078
932,Norristown Area SD,4216980,0.018408134642356244,Pennsylvania,2373
1268,Janesville School District,5507020,0.018079056908576304,Wisconsin,3064
721,Essex County Schools of Technology,3404800,0.01737860931740509,New Jersey,2121
198,Paramount Unified,629850,0.017362270450751203,California,4683
241,Snowline Joint Unified,636970,0.016816469457928824,California,2260
1166,Uintah District,4901080,0.016756756756756724,Utah,2035
102,Calexico Unified,606900,0.016727973375372233,California,3136
1140,TEMPLE ISD,4842330,0.016622469206382565,Texas,2364
309,Colonial School District,1000230,0.016607733427626482,Delaware,2359
603,Midland Public Schools,2623820,0.01653215741742242,Michigan,2481
570,Fall River,2504830,0.016412764876329443,Massachusetts,2456
216,San Benito High,634140,0.01629645955854685,California,3491
1135,SHERMAN ISD,4840080,0.016269354838709647,Texas,2242
2,Madison City,100008,0.016091899299805146,Alabama,4060
382,Glynn County,1302400,0.015699864165809593,Georgia,3769
202,Pittsburg Unified,630600,0.015591873262094762,California,3824
32,Kingman Unified School District (79598),400295,0.015189584285061668,Arizona,2120
624,BRAINERD PUBLIC SCHOOL DISTRICT,2706090,0.015127454094176096,MINNESOTA,2020
70,Upland Unified,600016,0.014938185620456236,California,3386
884,Pickerington Local,3904689,0.01480111008325625,OHIO,3450
328,HARDEE,1200750,0.01424955330553902,Florida,2599
304,Stratford School District,904440,0.014249089764825335,Connecticut,2128
496,Garden City,2006390,0.014108844045237906,Kansas,2099
82,Dinuba Unified,600065,0.014088764437067674,California,2212
1048,COPPERAS COVE ISD,4815240,0.013983978712198912,Texas,2366
926,Council Rock SD,4206960,0.013948949663680016,Pennsylvania,3615
489,Dubuque Comm School District,1909480,0.013737119636205358,Iowa,3128
1100,LUFKIN ISD,4828550,0.013632170157967466,Texas,2204
885,Hilliard City,3904701,0.013062915874524739,Ohio,5246
789,EAST MEADOW UNION FREE SCHOOL DISTRICT,3609840,0.012620649071380219,New York,2266
1243,South Kitsap School District,5308160,0.012376705231762694,Washington,2583
66,ROGERS SCHOOL DISTRICT,511970,0.012351434989759727,Arkansas,4940
1130,SAN FELIPE-DEL RIO CISD,4838900,0.011466790020242985,TEXAS,2989
1042,CLEVELAND ISD,4814370,0.011390211308778079,Texas,2924
146,Glendora Unified,615270,0.011247932209059855,California,2385
416,Belleville Twp HSD 201,1705640,0.01118158353784035,Illinois,4829
648,SPRING LAKE PARK PUBLIC SCHOOLS,2733330,0.011159230274960161,Minnesota,2061
279,Fountain School District No. 8 in the county of El Paso an,804080,0.011127713420853901,Colorado,2084
689,WENTZVILLE R-IV,2931650,0.010357831952619384,Missouri,4770
723,Greater Egg Harbor Regional High School District,3406060,0.010356641125053634,New Jersey,3083
1286,Natrona County School District #1,5604510,0.010312280789658283,Wyoming,4066
1004,Washington County,4704380,0.010186972373320866,Tennessee,2584
180,Morongo Unified,625860,0.009725708300980459,California,2192
1039,CHANNELVIEW ISD,4813590,0.009617613329071295,Texas,2937
1102,MANOR ISD,4828890,0.00949265167053716,Texas,2926
574,New Bedford,2508430,0.009483813292515623,Massachusetts,2957
1031,BOERNE ISD,4810710,0.00931517973503082,Texas,3248
580,Taunton,2511520,0.009254393300924254,Massachusetts,2792
43,Higley Unified School District (4248),403780,0.008984947853726832,Arizona,4140
867,Canton City,3904371,0.00884879833470002,Ohio,2266
578,Revere,2510050,0.008830595671512044,Massachusetts,2066
1242,Snoqualmie Valley School District,5308040,0.00868455732040663,Washington,2149
876,Sylvania Schools,3904487,0.00839728030634243,Ohio,2461
307,Appoquinimink School District,1000080,0.00824143576437153,Delaware,3163
231,Sanger Unified,635250,0.008015718565164524,California,3641
1062,EAST CENTRAL ISD,4817850,0.008005739964502894,Texas,3233
796,MIDDLE COUNTRY CENTRAL SCHOOL DISTRICT,3619200,0.007861708594007089,New York,3034
587,Birmingham Public Schools,2605850,0.0077112135176651275,Michigan,2395
679,MEHLVILLE R-IX,2920670,0.007703036154918991,Missouri,3227
127,Downey Unified,611460,0.007646544671862192,California,8109
96,Beaumont Unified,604290,0.007079831932773086,California,3285
1001,Sullivan County,4703990,0.006921828789744372,Tennessee,2661
631,MINNETONKA PUBLIC SCHOOL DISTRICT,2711670,0.00676423381701562,Minnesota,3619
919,Allentown City SD,4202280,0.0064482207047718565,PENNSYLVANIA,5127
160,Lincoln Unified,621690,0.006339846226502424,California,3200
465,MSD Southwest Allen County Schls,1800030,0.006328924531689525,INDIANA,2583
873,Medina City SD,3904438,0.006091370558375621,Ohio,2054
887,Forest Hills Local,3904734,0.0059875073334023365,Ohio,2307
1056,DICKINSON ISD,4817070,0.005954232448589409,Texas,3570
327,FLAGLER,1200540,0.005780620705993833,Florida,4378
98,Berkeley Unified,604740,0.005725010251395795,California,3274
605,Novi Community School District,2626130,0.005651595744680866,Michigan,2142
1121,PROSPER ISD,4836000,0.005608057809975112,Texas,5799
1098,LOS FRESNOS CISD,4828290,0.005498059508408778,Texas,3214
909,Medford SD 549C,4108040,0.005374609802326541,Oregon,2183
1061,EANES ISD,4817760,0.005006040471156788,TEXAS,2848
629,EDINA PUBLIC SCHOOL DISTRICT,2711250,0.005000000000000003,Minnesota,2681
539,St. Bernard Parish,2201410,0.004992117708880677,Louisiana,2304
1023,ANGLETON ISD,4808310,0.00456180635285112,Texas,2047
914,Reynolds SD 7,4110520,0.004556798860513963,Oregon,2775
1041,CLEBURNE ISD,4814310,0.004419576245896737,Texas,2017
1,Hoover City,100007,0.004404502289195589,ALABAMA,4295
598,Kentwood Public Schools,2620340,0.004314341582469773,Michigan,2130
1132,SEGUIN ISD,4839690,0.003483685351443607,Texas,2130
986,Hawkins County,4701740,0.0034448818897637764,Tennessee,2097
221,San Jacinto Unified,634440,0.0033643343112165283,California,2831
1055,DESOTO ISD,4816860,0.0032796159637927215,TEXAS,2769
1248,Tahoma School District,5308760,0.00326907275140639,WASHINGTON,2759
1046,LUBBOCK-COOPER ISD,4815180,0.0028822122175389507,Texas,2110
943,Warwick,4401110,0.0027670527670527467,Rhode Island,2396
1076,GRANBURY ISD,4821390,0.0026910533355319864,Texas,2134
595,Howell Public Schools,2618720,0.002456451688226745,Michigan,2283
1053,DEL VALLE ISD,4816620,0.0024405497799573524,Texas,3565
632,FARMINGTON PUBLIC SCHOOL DISTRICT,2711820,0.0019242932905171655,Minnesota,2219
697,BELLEVUE PUBLIC SCHOOLS,3103810,0.0018044164037854804,Nebraska,3036
1246,Sunnyside School District,5308670,0.001491053677932429,WASHINGTON,2182
1058,DUNCANVILLE ISD,4817640,0.0011446286989088151,Texas,4637
391,Marietta City,1303510,0.0008135681607781362,Georgia,2610
1026,AZLE ISD,4809200,0.0007121212121211883,Texas,2028
474,MSD Lawrence Township,1805670,0.0006402704102067835,Indiana,5099
732,New Brunswick School District,3411220,0.00043672523264016647,NEW JERSEY,2518
1176,CULPEPER CO PBLC SCHS,5101050,0.00012229531413002204,Virginia,2761
1151,WILLIS ISD,4845900,0.00010792305496012955,Texas,2507
50,Sahuarita Unified District (4411),407300,3.4076891097051254e-05,Arizona,2185
842,Mooresville Graded School District,3703120,0.0,North Carolina,2008
123,Culver City Unified,610260,0.0,California,2228
1029,BELTON ISD,4809860,0.0,Texas,2554
456,Round Lake CUSD 116,1734990,0.0,Illinois,2244
920,Altoona Area SD,4202340,0.0,Pennsylvania,2224
454,Rich Twp HSD 227,1733420,0.0,Illinois,2687
987,Jefferson County,4702100,0.0,Tennessee,2010
703,WESTSIDE COMMUNITY SCHOOLS,3178660,0.0,Nebraska,2039
453,Quincy SD 172,1733000,0.0,Illinois,2019
11,Enterprise City,101320,0.0,ALABAMA,2119
451,Adlai E Stevenson HSD 125,1732580,0.0,Illinois,4392
441,Moline-Coal Valley CUSD 40,1726400,0.0,Illinois,2170
1221,Lake Stevens School District,5304200,0.0,Washington,2094
675,JOPLIN SCHOOLS,2916350,0.0,Missouri,2289
428,Edwardsville CUSD 7,1713530,0.0,Illinois,2367
431,Evanston Twp HSD 202,1714490,0.0,ILLINOIS,3727
665,TUPELO PUBLIC SCHOOL DIST,2804320,0.0,Mississippi,2030
696,GRAND ISLAND PUBLIC SCHOOLS,3100016,0.0,NEBRASKA,2534
