District Name,nces_id,Dissimilarity,State,Size
Baldwin County,100270,0.43886848308755,Alabama,9882
Birmingham City,100390,0.2955974842767296,Alabama,5455
Huntsville City,101800,0.26312995180919707,Alabama,6816
Jefferson County,101920,0.4769446391030133,Alabama,12284
Madison County,102220,0.1615942028985507,Alabama,5408
Mobile County,102370,0.3381887315689035,Alabama,14979
Montgomery County,102430,0.7670056100981768,Alabama,7378
Shelby County,103030,0.38202375513933307,Alabama,6841
Tuscaloosa County,103390,0.45649799781579914,Alabama,5367
Anchorage School District,200180,0.18951607630852915,ALASKA,12135
Matanuska-Susitna Borough School District,200510,0.07056165454914115,Alaska,5298
Agua Fria Union High School District (4289),400450,0.33020677314453994,Arizona,9219
Buckeye Union High School District (4284),401410,0.2632977908508748,Arizona,5176
Chandler Unified District #80 (4242),401870,0.43608953376838167,Arizona,17748
Dysart Unified District (4243),402690,0.1804141994762683,Arizona,8275
Gilbert Unified District (4239),403400,0.3206760789715335,Arizona,11910
Glendale Union High School District (4285),403450,0.18886507053079482,Arizona,16695
Mesa Unified District (4235),404970,0.2988075016996653,Arizona,18611
Paradise Valley Unified District (4241),405930,0.3680183199285076,Arizona,9536
Peoria Unified School District (4237),406250,0.18563800163800165,Arizona,13101
Phoenix Union High School District (4286),406330,0.4250846163610034,Arizona,27890
Scottsdale Unified District (4240),407570,0.5531072309983801,Arizona,7854
Deer Valley Unified District (4246),407750,0.431475048921636,Arizona,10867
Tempe Union High School District (4287),408340,0.4090090445485257,Arizona,12997
Tolleson Union High School District (4288),408520,0.3164211618684446,Arizona,13335
Tucson Unified District (4403),408800,0.4490764042183023,Arizona,13876
Yuma Union High School District (4507),409630,0.45894537668675006,Arizona,11068
BENTONVILLE SCHOOL DISTRICT,503060,0.1477272727272727,Arkansas,5438
LITTLE ROCK SCHOOL DISTRICT,509000,0.7369497506917801,Arkansas,6185
Hesperia Unified,600014,0.2013107948189008,California,7268
Pleasanton Unified,600020,0.041410731323560226,California,5003
Lake Elsinore Unified,600027,0.20228567900948763,California,7090
Temecula Valley Unified,600028,0.14018502821890494,California,9520
Murrieta Valley Unified,600029,0.16407681447713518,California,8251
Natomas Unified,600036,0.3637869191727608,California,5028
Tracy Joint Unified,600047,0.2062860589746326,California,5817
Porterville Unified,600064,0.25735887629091514,California,6585
Alhambra Unified,600153,0.25551460142357235,California,6376
Twin Rivers Unified,601332,0.09897708132001626,California,5934
Santa Barbara Unified,601414,0.3155955730632152,California,6437
ABC Unified,601620,0.49241731839954056,California,6740
Acalanes Union High,601650,0.18394233159333834,California,5429
Alvord Unified,602430,0.30982814071210657,California,5703
Anaheim Union High,602630,0.5751412102400983,California,20179
Antelope Valley Union High,602820,0.3938207128009013,California,22270
Burbank Unified,606450,0.19232530292407823,California,5139
Campbell Union High,607230,0.25634468679488553,California,8320
Capistrano Unified,607440,0.3671854716587726,California,15463
Centinela Valley Union High,607920,0.21900469982722998,California,5884
Chaffey Joint Union High,608160,0.44274765619972,California,23468
Chino Valley Unified,608460,0.5101192158868089,California,9116
Clovis Unified,609030,0.2347030000380056,California,13097
Colton Joint Unified,609390,0.3592526690391459,California,6366
Conejo Valley Unified,609640,0.17812860540133268,California,6337
Corona-Norco Unified,609850,0.315751971886384,California,17610
Desert Sands Unified,611110,0.44592788080146406,California,9086
Downey Unified,611460,0.08588051341959954,California,8109
East Side Union High,611820,0.41532524865417086,California,21615
El Dorado Union High,612070,0.49136345617717586,California,6869
El Monte Union High,612120,0.43816868591988156,California,8090
Elk Grove Unified,612330,0.22064836866352155,California,20370
Escondido Union High,612910,0.14585115359131548,California,7158
Fairfield-Suisun Unified,613360,0.29235172453973435,California,6863
Folsom-Cordova Unified,613890,0.4562487033647813,California,6586
Fontana Unified,613920,0.3672460465057168,California,12064
Fremont Unified,614400,0.4200566702023296,California,10398
Fremont Union High,614430,0.5119469742967011,California,10250
Fresno Unified,614550,0.19011233836147823,California,18263
Fullerton Joint Union High,614760,0.6296460237962742,California,13413
Garden Grove Unified,614880,0.41119843770591963,California,13431
Glendale Unified,615240,0.4091833543221869,California,7177
Grossmont Union High,616230,0.12774691237476782,California,16880
Hacienda la Puente Unified,616325,0.5577680606878557,California,5167
Hayward Unified,616740,0.22881414342694179,California,5212
Hemet Unified,616920,0.33809454658108484,California,7978
Huntington Beach Union High,618060,0.31208118243819005,California,15082
Jurupa Unified,619260,0.21437505265409018,California,5993
Kern High,619540,0.552005734263211,California,42521
Liberty Union High,621600,0.2744330655538356,California,8275
Lodi Unified,622230,0.4366916681817258,California,8673
Long Beach Unified,622500,0.26335792919477186,California,21819
Los Angeles Unified,622710,0.5242594487000877,California,117394
Madera Unified,623340,0.19448322459974401,California,5832
Manteca Unified,623610,0.2496177873935402,California,8094
Merced Union High,624660,0.18143025663248108,California,11177
Modesto City High,625150,0.2421777266632394,California,15311
Montebello Unified,625470,0.5067463183660367,California,7697
Moreno Valley Unified,625800,0.17545865456259596,California,9749
Mt. Diablo Unified,626370,0.39515854657141836,California,7780
Napa Valley Unified,626640,0.6845282656125745,California,5902
Newport-Mesa Unified,627240,0.40038567200415714,California,7615
Norwalk-La Mirada Unified,627690,0.28774928774928776,California,5192
Oakland Unified,628050,0.5338497187363686,California,10226
Oceanside Unified,628250,0.26047418288351504,California,5056
Orange Unified,628650,0.4310317133846545,California,8273
Oxnard Union High,629270,0.3085998010983681,California,17361
Pajaro Valley Unified,629490,0.4084473242140629,California,5574
Palm Springs Unified,629550,0.2949929145016533,California,6769
Pasadena Unified,629940,0.15510781045613736,California,5829
Perris Union High,630210,0.4219489999672657,California,10381
Placentia-Yorba Linda Unified,630660,0.18490755901865935,California,7797
Pomona Unified,631320,0.42874106852874316,California,6973
Poway Unified,631530,0.374156522310677,California,11616
Redlands Unified,632070,0.30383073789342274,California,6563
Rialto Unified,632370,0.1716246569541263,California,7812
West Contra Costa Unified,632550,0.414301129930024,California,7775
Riverside Unified,633150,0.4573176406768123,California,12599
Roseville Joint Union High,633630,0.236417422269547,California,10571
Sacramento City Unified,633840,0.2007019023902375,California,12403
Saddleback Valley Unified,633860,0.16965619285584668,California,8407
Salinas Union High,633980,0.21637167840418198,California,12095
San Bernardino City Unified,634170,0.16832308878721672,California,13283
San Diego Unified,634320,0.43532735566905156,California,28554
San Dieguito Union High,634380,0.4653262142122254,California,8888
San Francisco Unified,634410,0.3986854767355379,California,15697
San Jose Unified,634590,0.5454691419208674,California,8620
San Juan Unified,634620,0.36736156013113735,California,12554
San Marcos Unified,634880,0.06470292943889569,California,6785
San Mateo Union High,634980,0.26932577399637914,California,9056
San Ramon Valley Unified,635130,0.39819608671377626,California,10514
Santa Ana Unified,635310,0.3301360977309037,California,14606
Santa Maria Joint Union High,635670,0.23200879120879125,California,9242
Santa Rosa High,635830,0.24856834219361992,California,7709
Sequoia Union High,636390,0.549806776117121,California,8633
Simi Valley Unified,636840,0.24484228532801752,California,5249
Victor Valley Union High,636972,0.3541728488791087,California,10109
Stockton Unified,638010,0.34445544078888946,California,11083
Sweetwater Union High,638640,0.4105694046331493,California,26586
Tamalpais Union High,638790,0.12980487347264238,California,5038
Torrance Unified,639420,0.23200908723150862,California,7647
Tulare Joint Union High,639930,0.15916828986333476,CALIFORNIA,5764
Tustin Unified,640150,0.5829238657132616,California,8164
Ventura Unified,640980,0.25255940781082264,California,5176
Visalia Unified,641160,0.09564247195189984,CALIFORNIA,9332
Vista Unified,641190,0.4160778609032973,California,6343
Whittier Union High,642480,0.23825796239589342,California,10767
William S. Hart Union High,642510,0.4188986442714425,California,15372
Irvine Unified,684500,0.1804370844298739,California,10628
Val Verde Unified,691135,0.2636562302230178,California,6591
Academy School District No. 20 in the county of El Paso an,801920,0.15940280034037285,Colorado,8940
Aurora Joint District No. 28 of the counties of Adams and A,802340,0.15727800069128234,Colorado,10453
Boulder Valley School District No. Re2,802490,0.39737347325771766,Colorado,9694
School District 27J,802580,0.3585583168082668,Colorado,5662
Cherry Creek School District No. 5 in the county of Arapah,802910,0.3086457818344842,Colorado,17843
Colorado Springs School District No. 11 in the county of E,803060,0.32438807707624906,Colorado,7265
School District No. 1 in the county of Denver and State of C,803360,0.38837075808409055,COLORADO,27183
Douglas County School District No. Re 1,803450,0.40006411118433577,Colorado,20175
El Paso County Colorado School District 49,803870,0.5794687035976782,Colorado,9871
Poudre School District R-1,803990,0.38999184242124263,COLORADO,8744
Mesa County Valley School District No. 51,804350,0.36388840954846124,Colorado,5885
GreeleySchool District No. 6 in the county of Weld and Sta,804410,0.14817813765182186,COLORADO,5776
Jefferson County School District No. R-1,804800,0.3319288774803726,Colorado,24907
St. Vrain Valley School District No. Re1J,805370,0.47639947002318644,Colorado,9957
Adams 12 Five Star Schools,806900,0.3383368438324741,Colorado,10382
Connecticut Technical Education and Career System,900002,0.2860401846205962,Connecticut,10974
Bridgeport School District,900450,0.395869868554644,Connecticut,5100
Hartford School District,901920,0.3251582540682067,Connecticut,5154
New Haven School District,902790,0.2751779916409195,Connecticut,5515
District of Columbia Public Schools,1100030,0.538568161002297,District of Columbia,10395
ALACHUA,1200030,0.3244783861671471,Florida,8733
BAY,1200090,0.19677729100402086,Florida,7544
BREVARD,1200150,0.37770759500926054,Florida,23966
BROWARD,1200180,0.24055116049529202,FLORIDA,84723
CHARLOTTE,1200240,0.19559386973180076,Florida,5366
CLAY,1200300,0.24451482309143135,FLORIDA,12816
COLLIER,1200330,0.47869741500081947,Florida,14461
MIAMI-DADE,1200390,0.38356609758168786,FLORIDA,106745
DUVAL,1200480,0.3669905784241585,Florida,36005
ESCAMBIA,1200510,0.23301808595926243,Florida,10999
HERNANDO,1200810,0.1344287566128298,Florida,7124
HILLSBOROUGH,1200870,0.39288827109099655,Florida,63330
INDIAN RIVER,1200930,0.18153431931641828,Florida,5531
LAKE,1201050,0.17264824527159678,Florida,13490
LEE,1201080,0.33015309191502623,FLORIDA,29807
LEON,1201110,0.3523145683612811,Florida,9464
MANATEE,1201230,0.4019594716987075,Florida,15601
MARION,1201260,0.26532947904733467,Florida,12934
MARTIN,1201290,0.11863998303352806,Florida,6000
OKALOOSA,1201380,0.11941495369324598,Florida,8445
ORANGE,1201440,0.27014416960626125,Florida,64431
OSCEOLA,1201470,0.15232130936325386,Florida,23773
PALM BEACH,1201500,0.37749922305212885,Florida,60673
PASCO,1201530,0.27677500321447435,Florida,24513
PINELLAS,1201560,0.2855320855158765,Florida,29347
POLK,1201590,0.3523348698458346,Florida,33885
SANTA ROSA,1201650,0.20171890798786654,Florida,9134
SARASOTA,1201680,0.26819125345538125,Florida,13360
SEMINOLE,1201710,0.2499824045141522,Florida,21130
ST. JOHNS,1201740,0.22324100688666276,Florida,15192
ST. LUCIE,1201770,0.21060025542784166,FLORIDA,15791
VOLUSIA,1201920,0.488920030638586,Florida,19434
Atlanta Public Schools,1300120,0.4076862745098039,Georgia,13759
Bibb County,1300420,0.4212462462462462,Georgia,5336
Savannah-Chatham County,1301020,0.3886453789959256,Georgia,9261
Cherokee County,1301110,0.2535780998389694,Georgia,13769
Clayton County,1301230,0.3075359655383894,Georgia,16654
Cobb County,1301290,0.4896580826866276,Georgia,36361
Columbia County,1301410,0.33135370884335374,Georgia,8927
Coweta County,1301500,0.1302624069554236,Georgia,7331
DeKalb County,1301740,0.48066100467443557,Georgia,27297
Douglas County,1301860,0.33428692519601616,Georgia,8766
Fayette County,1302130,0.20941176470588238,Georgia,6895
Forsyth County,1302220,0.5233374638579099,GEORGIA,16833
Fulton County,1302280,0.6283987579006644,Georgia,28956
Gwinnett County,1302550,0.4286314896761677,Georgia,59111
Hall County,1302610,0.26256586084709177,GEORGIA,8790
Henry County,1302820,0.3440103795042651,Georgia,15133
Houston County,1302880,0.3066419077588936,Georgia,9073
Muscogee County,1303870,0.4784570904731683,Georgia,8918
Newton County,1303930,0.12935174069627853,Georgia,6055
Paulding County,1304020,0.17145657576924425,Georgia,10041
Richmond County,1304380,0.40669856459330145,Georgia,8965
Rockdale County,1304410,0.18347128773577295,Georgia,5299
Hawaii Department of Education,1500030,0.33417899810372287,Hawaii,51229
BOISE INDEPENDENT DISTRICT,1600360,0.2936271622712301,Idaho,6107
JOINT SCHOOL DISTRICT NO. 2,1602100,0.25971082939763035,Idaho,13176
Township HSD 214,1704170,0.28442767708889505,Illinois,12073
CHSD 218,1706540,0.3608857017047242,Illinois,5403
Bremen CHSD 228,1707050,0.477763923524522,Illinois,5198
Cons HSD 230,1708400,0.1725,Illinois,7787
CUSD 300,1708550,0.47267826513109534,Illinois,6569
City of Chicago SD 299,1709930,0.599930423043097,Illinois,85956
CHSD 155,1711370,0.15679012345679014,Illinois,5598
SD U-46,1713710,0.40929843500004126,Illinois,12200
Glenbard Twp HSD 87,1716830,0.1394662107846063,Illinois,7914
Joliet Twp HSD 204,1720610,0.42874527244712146,Illinois,6958
Lincoln Way CHSD 210,1723070,0.312286742353744,Illinois,6665
Maine Township HSD 207,1724090,0.3550004711005957,Illinois,6335
J S Morton HSD 201,1726880,0.39632316581655114,Illinois,6979
Naperville CUSD 203,1727710,0.022849364527071314,Illinois,5271
Northfield Twp HSD 225,1729010,0.1782461127871896,Illinois,5132
CUSD 308,1730270,0.40081896225265656,Illinois,5820
Township HSD 211,1730450,0.3793139595734361,Illinois,12121
Plainfield SD 202,1731740,0.3163544415127528,Illinois,8982
Rockford SD 205,1734510,0.2915256677946576,Illinois,8025
Valley View CUSD 365U,1740070,0.10195301539795773,Illinois,5337
Indian Prairie CUSD 204,1741690,0.19490053683602065,Illinois,8839
Evansville Vanderburgh School Corp,1803450,0.4603456790123457,Indiana,6206
Fort Wayne Community Schools,1803630,0.13740626920712967,Indiana,8229
Indianapolis Public Schools,1804770,0.15818010372465818,Indiana,5424
MSD Lawrence Township,1805670,0.05879711356808823,Indiana,5099
Hamilton Southeastern Schools,1810650,0.10080435513961528,Indiana,7041
Des Moines Independent Comm School District,1908970,0.19796572914305754,Iowa,9832
Kansas City,2007950,0.3103646200224374,KANSAS,6252
Olathe,2010140,0.2079173862474888,Kansas,9452
Shawnee Mission Pub Sch,2011640,0.1824527239453803,Kansas,8005
Blue Valley,2012000,0.1399273791996824,Kansas,7312
Wichita,2012990,0.4772994825705769,Kansas,12949
Boone County,2100510,0.2541005980297278,KENTUCKY,6447
Fayette County,2101860,0.28128119800332785,Kentucky,12809
Jefferson County,2102990,0.38009701542492663,Kentucky,29111
Warren County,2105730,0.2927725338522532,KENTUCKY,5263
Ascension Parish,2200090,0.42061141228413346,Louisiana,6760
Bossier Parish,2200270,0.3704301075268817,Louisiana,6450
Caddo Parish,2200300,0.5451851851851852,Louisiana,9190
Calcasieu Parish,2200330,0.35286243011260726,Louisiana,8382
East Baton Rouge Parish,2200540,0.5436803829513027,Louisiana,8312
Jefferson Parish,2200840,0.5507230401805632,Louisiana,13629
Lafayette Parish,2200870,0.3529408878837087,Louisiana,9437
Livingston Parish,2201020,0.19678714859437751,Louisiana,7129
Ouachita Parish,2201200,0.18024907144417743,Louisiana,5341
Rapides Parish,2201290,0.24397873005943072,Louisiana,5912
St. Tammany Parish,2201650,0.24859509020999704,Louisiana,11270
Anne Arundel County Public Schools,2400060,0.2844990543368771,Maryland,23435
Baltimore City Public Schools,2400090,0.5416012718170748,Maryland,19544
Baltimore County Public Schools,2400120,0.4946392107947279,Maryland,33889
Calvert County Public Schools,2400150,0.16135229684005278,Maryland,5061
Carroll County Public Schools,2400210,0.2513788687570528,Maryland,7979
Charles County Public Schools,2400270,0.22654968618635585,Maryland,8989
Frederick County Public Schools,2400330,0.35421165593528153,Maryland,14033
Harford County Public Schools,2400390,0.2721705070474813,Maryland,11272
Howard County Public Schools,2400420,0.46297091468076046,Maryland,18273
Montgomery County Public Schools,2400480,0.40098548254821165,Maryland,50614
Prince George's County Public Schools,2400510,0.4101677846621264,Maryland,36985
St. Mary's County Public Schools,2400600,0.12544597349643224,Maryland,5392
Washington County Public Schools,2400660,0.2164982847527941,Maryland,6433
Boston,2502790,0.6194874729579468,Massachusetts,16219
Springfield,2511130,0.21130602652341784,MASSACHUSETTS,7592
Worcester,2513230,0.19074393011173102,Massachusetts,7575
Detroit Public Schools Community District,2601103,0.8284833968287203,MICHIGAN,14160
Ann Arbor Public Schools,2602820,0.11228725184746503,Michigan,5548
Chippewa Valley Schools,2609570,0.33531449818314973,Michigan,5709
Dearborn City School District,2611600,0.21925133689839577,Michigan,6698
Plymouth-Canton Community Schools,2628560,0.02249957199109742,Michigan,6031
Rochester Community School District,2629940,0.1963359452599051,Michigan,8092
Utica Community Schools,2634470,0.19954988747186797,Michigan,7170
ANOKA-HENNEPIN PUBLIC SCHOOL DIST.,2703180,0.1606616376485169,Minnesota,13237
Minneapolis Public School District,2721240,0.4155261225332494,Minnesota,9456
OSSEO PUBLIC SCHOOL DISTRICT,2725200,0.13509573019306254,MINNESOTA,6712
ROCHESTER PUBLIC SCHOOL DISTRICT,2731800,0.2912109692632948,Minnesota,5726
ROSEMOUNT-APPLE VALLEY-EAGAN,2732390,0.28854940813430835,MINNESOTA,9445
South Washington County Schools,2733810,0.20669189375845298,Minnesota,6100
ST. PAUL PUBLIC SCHOOL DISTRICT,2733840,0.2712363298454203,Minnesota,12101
DESOTO CO SCHOOL DIST,2801320,0.35703576341127924,Mississippi,10813
RANKIN CO SCHOOL DIST,2803830,0.4967748647523928,Mississippi,5911
COLUMBIA 93,2901000,0.23085808580858086,Missouri,5557
FT. ZUMWALT R-II,2908370,0.20814868804664724,Missouri,5917
LEE'S SUMMIT R-VII,2918300,0.13798280333014876,Missouri,5958
NORTH KANSAS CITY 74,2922800,0.17277907449231264,Missouri,6198
PARKWAY C-2,2923580,0.1367739737693749,Missouri,5354
ROCKWOOD R-VI,2926850,0.28086258645439127,Missouri,7009
SPRINGFIELD R-XII,2928860,0.27376485303314574,Missouri,6769
FRANCIS HOWELL R-III,2928950,0.13768673687156702,Missouri,5305
Billings H S,3003900,0.18208406056889476,Montana,5660
LINCOLN PUBLIC SCHOOLS,3172840,0.1663643541174629,Nebraska,12840
MILLARD PUBLIC SCHOOLS,3173740,0.40380305933552013,NEBRASKA,7476
OMAHA PUBLIC SCHOOLS,3174820,0.6506244445272595,Nebraska,14982
STATE-SPONSORED CHARTER SCHOOLS,3200001,0.5124526830869606,Nevada,5743
CLARK COUNTY SCHOOL DISTRICT,3200060,0.4461910500148614,NEVADA,104524
WASHOE COUNTY SCHOOL DISTRICT,3200480,0.33617098084864205,Nevada,20271
Elizabeth Public Schools,3404590,0.2906442577030812,New Jersey,7492
Freehold Regional High School District,3405610,0.317300294749463,New Jersey,10413
Jersey City Public Schools,3407830,0.38467073516889017,New Jersey,6772
Lenape Regional High School District,3408490,0.2372513847548836,New Jersey,6615
Newark Public School District,3411340,0.5228494623655915,New Jersey,9642
RIO RANCHO PUBLIC SCHOOLS,3500010,0.04380475594493112,New Mexico,5623
ALBUQUERQUE PUBLIC SCHOOLS,3500060,0.4921859219425374,New Mexico,22460
LAS CRUCES PUBLIC SCHOOLS,3501500,0.35306318351674726,NEW MEXICO,7313
NEW YORK CITY GEOGRAPHIC DISTRICT # 2,3600077,0.5815522250162628,New York,33745
NEW YORK CITY GEOGRAPHIC DISTRICT # 3,3600078,0.5497935689488279,New York,8464
NEW YORK CITY GEOGRAPHIC DISTRICT # 7,3600084,0.37772904483430797,New York,5917
NEW YORK CITY GEOGRAPHIC DISTRICT # 8,3600085,0.2890682995760716,New York,6745
NEW YORK CITY GEOGRAPHIC DISTRICT # 9,3600086,0.37060305097338064,New York,8375
NEW YORK CITY GEOGRAPHIC DISTRICT #10,3600087,0.7721590915839673,New York,15661
NEW YORK CITY GEOGRAPHIC DISTRICT #11,3600088,0.2684828842050906,New York,8071
NEW YORK CITY GEOGRAPHIC DISTRICT #13,3600091,0.7103203661327231,New York,11399
NEW YORK CITY GEOGRAPHIC DISTRICT #15,3600092,0.2641071064798698,New York,7077
NEW YORK CITY GEOGRAPHIC DISTRICT #17,3600095,0.2756001078845635,New York,8111
NEW YORK CITY GEOGRAPHIC DISTRICT #24,3600098,0.2929068309955684,New York,12807
NEW YORK CITY GEOGRAPHIC DISTRICT #26,3600099,0.14713267514914738,New York,13057
NEW YORK CITY GEOGRAPHIC DISTRICT #28,3600100,0.320884670423088,New York,15213
NEW YORK CITY GEOGRAPHIC DISTRICT #30,3600102,0.2684944100041087,New York,9867
NEW YORK CITY GEOGRAPHIC DISTRICT #31,3600103,0.37217483451964917,New York,17386
NEW YORK CITY GEOGRAPHIC DISTRICT #14,3600119,0.7410106439925396,New York,5746
NEW YORK CITY GEOGRAPHIC DISTRICT #19,3600120,0.2649123274352195,New York,5466
NEW YORK CITY GEOGRAPHIC DISTRICT #25,3600122,0.38093909903083234,New York,10222
NEW YORK CITY GEOGRAPHIC DISTRICT #27,3600123,0.2750226351985692,New York,11206
NYC SPECIAL SCHOOLS - DISTRICT 75,3600135,0.4060090107520937,New York,5693
NEW YORK CITY GEOGRAPHIC DISTRICT #20,3600151,0.07987043158495628,New York,12517
NEW YORK CITY GEOGRAPHIC DISTRICT #21,3600152,0.24041490078407574,New York,12040
NEW YORK CITY GEOGRAPHIC DISTRICT #22,3600153,0.23157314540023632,New York,9726
BUFFALO CITY SCHOOL DISTRICT,3605850,0.28713849748468157,New York,10360
ROCHESTER CITY SCHOOL DISTRICT,3624750,0.2923665816308267,New York,7352
SEWANHAKA CENTRAL HIGH SCHOOL DISTRICT,3626520,0.32252970309793527,New York,7807
SYRACUSE CITY SCHOOL DISTRICT,3628590,0.2184058104256688,New York,5579
YONKERS CITY SCHOOL DISTRICT,3631920,0.3253258595340421,New York,7014
Cumberland County Schools,3700011,0.3395943562610229,North Carolina,15422
Pitt County Schools,3700012,0.3847551580921758,North Carolina,7391
Alamance-Burlington Schools,3700030,0.3060365747350664,North Carolina,6726
Buncombe County Schools,3700450,0.3620215984908909,North Carolina,7153
Cabarrus County Schools,3700530,0.5805449452508276,North Carolina,10878
Davidson County Schools,3701140,0.16775808936825884,North Carolina,5826
Durham Public Schools,3701260,0.29657177511415517,North Carolina,11374
Winston Salem / Forsyth County Schools,3701500,0.5587793926503604,North Carolina,16860
Gaston County Schools,3701620,0.42877542490944553,North Carolina,9222
Guilford County Schools,3701920,0.2832049050441535,North Carolina,23004
Harnett County Schools,3702010,0.2237257638072855,North Carolina,6027
Iredell-Statesville Schools,3702310,0.28870458135860977,NORTH CAROLINA,7097
Johnston County Public Schools,3702370,0.3063109134263747,NORTH CAROLINA,12234
Charlotte-Mecklenburg Schools,3702970,0.3988988308449129,North Carolina,45880
New Hanover County Schools,3703330,0.1870016470157643,North Carolina,8604
Onslow County Schools,3703450,0.22951176983435045,North Carolina,7853
Randolph County School System,3703780,0.5204246108501428,North Carolina,5141
Public Schools of Robeson County,3703930,0.5140355134894632,North Carolina,6294
Rowan-Salisbury Schools,3704050,0.2185643039049236,North Carolina,5887
Union County Public Schools,3704620,0.6723047856040184,North Carolina,14200
Wake County Schools,3704720,0.5784019820805553,NORTH CAROLINA,52125
Wayne County Public Schools,3704880,0.5493041919235039,North Carolina,5481
Akron City,3904348,0.47419562582078995,Ohio,6556
Cincinnati Public Schools,3904375,0.5512278582930756,Ohio,11042
Cleveland Municipal,3904378,0.4233816462866742,OHIO,10765
Columbus City School District,3904380,0.36815678898108395,Ohio,13547
South-Western City,3904480,0.13686106840891624,Ohio,6647
Toledo City,3904490,0.5576881134133043,Ohio,6598
Lakota Local,3904611,0.06558486607218394,Ohio,5429
Olentangy Local,3904676,0.18366118024889602,OHIO,7066
Hilliard City,3904701,0.07650669642857144,Ohio,5246
Dublin City,3904702,0.3707361396609766,Ohio,5127
EPIC BLENDED LEARNING CHARTER,4000800,0.03583877995642701,OKLAHOMA,5349
EDMOND,4010590,0.1922222222222222,Oklahoma,7468
MOORE,4020250,0.19964436137556865,Oklahoma,7255
OKLAHOMA CITY,4022770,0.49026103327178594,Oklahoma,6088
PUTNAM CITY,4025290,0.4205266342081761,Oklahoma,5133
TULSA,4030240,0.31216225174768353,Oklahoma,7853
Hillsboro SD 1J,4100023,0.29002678812081606,Oregon,5790
Beaverton SD 48J,4101920,0.48644519240369144,Oregon,13361
Eugene SD 4J,4104740,0.24932535818611765,Oregon,5330
North Clackamas SD 12,4108830,0.525741484513787,OREGON,5051
Portland SD 1J,4110040,0.29873393297788786,Oregon,13229
Salem-Keizer SD 24J,4110820,0.28869475847893117,Oregon,12858
Allentown City SD,4202280,0.13977531151423694,PENNSYLVANIA,5127
Philadelphia City SD,4218990,0.5172485378176753,Pennsylvania,37047
Pittsburgh SD,4219170,0.11700046040515652,Pennsylvania,6781
Providence,4400900,0.25940640233708184,RHODE ISLAND,7057
Aiken 01,4500720,0.392685191553752,South Carolina,6940
Beaufort 01,4501110,0.35354163568270625,South Carolina,6649
Berkeley 01,4501170,0.20715122639256778,South Carolina,10940
Charleston 01,4501440,0.6682265103317735,South Carolina,13583
Dorchester 02,4502010,0.26085703582029335,South Carolina,7882
Greenville 01,4502310,0.4992055729572908,South Carolina,22269
Horry 01,4502490,0.17378815533817255,South Carolina,14411
Lexington 01,4502700,0.48790266764223145,South Carolina,8496
Lexington 05,4502820,0.212870479174827,South Carolina,5754
Richland 01,4503360,0.2975440806045341,South Carolina,6277
Richland 02,4503390,0.33022043903338866,South Carolina,8900
York 03,4503870,0.09610569035489164,South Carolina,5008
York 04,4503900,0.10146972799064057,SOUTH CAROLINA,5262
Sioux Falls School District 49-5,4666270,0.23209233268902152,South Dakota,7228
Shelby County,4700148,0.5780196269940934,Tennessee,23383
Hamilton County,4701590,0.5879791984089623,Tennessee,12864
Knox County,4702220,0.47606578671966204,Tennessee,18571
Montgomery County,4703030,0.3031431913767652,Tennessee,10575
Davidson County,4703180,0.38775387037864995,Tennessee,24444
Rutherford County,4703690,0.25452428476380573,Tennessee,17810
Sumner County,4704020,0.3396514146960841,Tennessee,8836
Williamson County,4704530,0.4618475840030987,Tennessee,14367
Wilson County,4704550,0.2276576795401182,TENNESSEE,7090
HAYS CISD,4800010,0.17404104151092104,Texas,6766
TEXANS CAN ACADEMIES,4800016,0.6108774038461537,Texas,5037
PREMIER HIGH SCHOOLS,4800207,0.49941977721927455,TEXAS,6801
YES PREP PUBLIC SCHOOLS INC,4800209,0.5940089816462013,Texas,11598
IDEA PUBLIC SCHOOLS,4800211,0.509114882076443,Texas,16467
KIPP TEXAS PUBLIC SCHOOLS,4800264,0.690089517453255,TEXAS,5651
ALDINE ISD,4807710,0.3438132892012066,Texas,17767
ALIEF ISD,4807830,0.26240952793502187,Texas,12233
ALVIN ISD,4808090,0.561315842224329,Texas,5608
AMARILLO ISD,4808130,0.29711368503188273,Texas,8509
ARLINGTON ISD,4808700,0.4563248034162392,Texas,17230
AUSTIN ISD,4808940,0.5421655434875953,Texas,21349
BIRDVILLE ISD,4810230,0.03730307847954907,Texas,7063
BROWNSVILLE ISD,4811680,0.5881630523776056,Texas,12700
CARROLLTON-FARMERS BRANCH ISD,4813050,0.37981476518061885,Texas,7202
CLEAR CREEK ISD,4814280,0.20385410185381023,Texas,13221
COMAL ISD,4814730,0.12062486880888816,Texas,7461
CONROE ISD,4815000,0.41472073494545403,Texas,20672
CORPUS CHRISTI ISD,4815270,0.4163616949430972,Texas,10621
CROWLEY ISD,4815910,0.1821505376344086,Texas,5074
CYPRESS-FAIRBANKS ISD,4816110,0.2606441580603992,Texas,37567
DALLAS ISD,4816230,0.5789829756451369,Texas,41816
DENTON ISD,4816740,0.21459189442330245,Texas,9746
EAGLE MT-SAGINAW ISD,4817700,0.1779122998963492,Texas,7053
ECTOR COUNTY ISD,4818000,0.3576643462423017,Texas,8851
EDINBURG CISD,4818180,0.6012757911671949,Texas,10024
EL PASO ISD,4818300,0.3764775319744587,Texas,17838
FORT BEND ISD,4819650,0.44433521505928675,TEXAS,25657
FORT WORTH ISD,4819700,0.36228122395523277,Texas,23767
FRISCO ISD,4820010,0.29370568255578006,TEXAS,20465
GALENA PARK ISD,4820250,0.2954401046533358,Texas,6859
GARLAND ISD,4820340,0.32061182088534285,Texas,17271
GOOSE CREEK CISD,4821150,0.26285185148307827,Texas,7075
GRAND PRAIRIE ISD,4821420,0.3426369229247293,Texas,9946
GRAPEVINE-COLLEYVILLE ISD,4821660,0.28991720046245983,Texas,5447
HOUSTON ISD,4823640,0.5908055714447769,Texas,51321
HUMBLE ISD,4823910,0.2635547024068006,Texas,15369
HURST-EULESS-BEDFORD ISD,4824060,0.1525715752043697,Texas,5030
IRVING ISD,4824420,0.3442621700741121,Texas,9811
JUDSON ISD,4824990,0.05322545304042265,Texas,7180
KATY ISD,4825170,0.4397006386919298,Texas,25202
KELLER ISD,4825260,0.05185863922905927,Texas,11397
KILLEEN ISD,4825660,0.1414852560262796,Texas,11272
KLEIN ISD,4825740,0.1707709726308282,Texas,17537
LAMAR CISD,4826580,0.39581641231707493,Texas,10699
LAREDO ISD,4826790,0.577262877146191,Texas,6034
LEANDER ISD,4827030,0.2629618947054821,Texas,13531
LEWISVILLE ISD,4827300,0.4814823070493173,Texas,16618
LUBBOCK ISD,4828500,0.5069130287265324,Texas,7619
MANSFIELD ISD,4828920,0.24505408188177352,Texas,11841
MCALLEN ISD,4829670,0.08611045690061234,Texas,6777
MCKINNEY ISD,4829850,0.11888723219198752,Texas,7916
MESQUITE ISD,4830390,0.30917331964545963,Texas,11469
MIDLAND ISD,4830570,0.2991115346778161,Texas,5201
NORTH EAST ISD,4832940,0.4268147552286152,Texas,20096
NORTHSIDE ISD,4833120,0.3679061965246492,Texas,32413
NORTHWEST ISD,4833180,0.16970103856236113,Texas,8126
PASADENA ISD,4834320,0.5340959932189618,Texas,14476
PEARLAND ISD,4834440,0.36155971140013826,Texas,6929
PFLUGERVILLE ISD,4834830,0.05517848829728529,Texas,8075
PHARR-SAN JUAN-ALAMO ISD,4834860,0.26567906818952847,Texas,8931
PLANO ISD,4835100,0.12082086888315025,Texas,8627
PROSPER ISD,4836000,0.1858322026232474,Texas,5799
RICHARDSON ISD,4837020,0.24987442358366274,Texas,10447
ROCKWALL ISD,4837650,0.0400788076691537,Texas,5797
ROUND ROCK ISD,4838080,0.4037484142595421,Texas,15131
SAN ANTONIO ISD,4838730,0.4804288769435293,Texas,12702
SCHERTZ-CIBOLO-U CITY ISD,4839480,0.08383565111459172,TEXAS,5344
SOCORRO ISD,4840710,0.23631218219120725,Texas,15861
SPRING BRANCH ISD,4841100,0.6333891381504051,Texas,10353
SPRING ISD,4841220,0.21296347746017127,Texas,9705
TOMBALL ISD,4842960,0.35763788358960313,Texas,5670
TYLER ISD,4843470,0.6096782039486903,TEXAS,5075
UNITED ISD,4843650,0.36980175325343595,Texas,13170
WYLIE ISD,4846530,0.2249482400310885,Texas,5443
YSLETA ISD,4846680,0.3446250794784472,Texas,13070
Alpine District,4900030,0.24081625248679256,Utah,20344
Canyons District,4900142,0.25860341733635017,Utah,11003
Davis District,4900210,0.18062371641915076,Utah,17932
Granite District,4900360,0.3021433121770521,Utah,19850
Jordan District,4900420,0.21393270422923266,Utah,14553
Nebo District,4900630,0.3154805801376598,Utah,7726
Salt Lake District,4900870,0.1583607472275451,Utah,7108
Washington District,4901140,0.3430754103320475,UTAH,7191
Weber District,4901200,0.2385945945945946,Utah,7712
ARLINGTON CO PBLC SCHS,5100270,0.18704084631207757,Virginia,8019
CHESAPEAKE CITY PBLC SCHS,5100810,0.17449683949276767,Virginia,13272
CHESTERFIELD CO PBLC SCHS,5100840,0.3835694050991501,Virginia,20173
FAIRFAX CO PBLC SCHS,5101260,0.38162858003026506,Virginia,62556
HAMPTON CITY PBLC SCHS,5101800,0.15555555555555556,Virginia,6026
HANOVER CO PBLC SCHS,5101830,0.27402314271339934,Virginia,5693
HENRICO CO PBLC SCHS,5101890,0.4371852353934142,Virginia,16198
LOUDOUN CO PBLC SCHS,5102250,0.4713017265822029,Virginia,18276
NEWPORT NEWS CITY PBLC SCHS,5102640,0.15084011449424503,Virginia,7976
NORFOLK CITY PBLC SCHS,5102670,0.09932618431324212,Virginia,7365
PRINCE WILLIAM CO PBLC SCHS,5103130,0.3035542637796784,Virginia,27839
RICHMOND CITY PBLC SCHS,5103240,0.41767478397486246,Virginia,5741
SPOTSYLVANIA CO PBLC SCHS,5103640,0.13961515646850098,Virginia,7869
STAFFORD CO PBLC SCHS,5103660,0.15801504318532056,Virginia,10111
VA BEACH CITY PBLC SCHS,5103840,0.2117568470273881,Virginia,20553
Auburn School District,5300300,0.18572189411015055,Washington,5421
Bellevue School District,5300390,0.30265151515151517,Washington,7147
Bethel School District,5300480,0.13922700204630634,WASHINGTON,6669
Edmonds School District,5302400,0.09973139703060893,WASHINGTON,6356
Everett School District,5302670,0.3440827274402853,Washington,5815
Evergreen School District (Clark),5302700,0.26990794876078117,Washington,7811
Federal Way School District,5302820,0.1606332458827854,Washington,6587
Highline School District,5303540,0.12172841198209905,Washington,6072
Issaquah School District,5303750,0.16906056506002443,Washington,6404
Kennewick School District,5303930,0.10275907250485979,Washington,5928
Kent School District,5303960,0.2822551830154971,Washington,7708
Lake Washington School District,5304230,0.32030303532283094,Washington,9101
Northshore School District,5305910,0.2776938184888552,Washington,6982
Pasco School District,5306570,0.19642120062946627,Washington,5789
Puyallup School District,5306960,0.06649397364794565,Washington,5054
Seattle School District No. 1,5307710,0.3255146931734058,Washington,15545
Spokane School District,5308250,0.22564409764889,Washington,8380
Tacoma School District,5308700,0.12889732532231923,Washington,8400
Vancouver School District,5309270,0.3120231688603601,Washington,7108
Yakima School District,5310110,0.1302076557418064,Washington,5016
BERKELEY COUNTY SCHOOLS,5400060,0.1893909626719057,West Virginia,5965
KANAWHA COUNTY SCHOOLS,5400600,0.49112903225806454,West Virginia,7769
Green Bay Area Public School District,5505820,0.19978097417456686,Wisconsin,5578
Kenosha School District,5507320,0.41286673736302576,Wisconsin,6260
Madison Metropolitan School District,5508520,0.13559976496264586,Wisconsin,7723
Milwaukee School District,5509600,0.36829973899602936,Wisconsin,16913
Racine Unified School District,5512360,0.39404388714733546,Wisconsin,5540
